,주소,스타벅스입점,광역시도,시도
0,서울특별시 강남구 언주로 425 (역삼동)02-568-3762,1,서울특별시,강남구
1,서울특별시 강남구 강남대로 538 (논현동)02-3442-3672,1,서울특별시,강남구
2,서울특별시 강남구 테헤란로 125 (역삼동)02-568-3668,1,서울특별시,강남구
3,서울특별시 강남구 남부순환로 2947 (대치동)02-568-3704,1,서울특별시,강남구
4,서울특별시 강남구 테헤란로 518 (대치동)02-568-3648,1,서울특별시,강남구
5,서울특별시 강남구 언주로 861 (신사동)02-541-3622,1,서울특별시,강남구
6,서울특별시 강남구 광평로 281 (수서동)02-6181-3688,1,서울특별시,강남구
7,서울특별시 강남구 남부순환로 2621 (도곡동)02-571-3604,1,서울특별시,강남구
8,서울특별시 강남구 테헤란로 409 (삼성동)02-2051-3562,1,서울특별시,강남구
9,서울특별시 강남구 봉은사로 446 (삼성동)02-539-3564,1,서울특별시,강남구
10,서울특별시 강남구 봉은사로2길 39 (역삼동)02-557-3484,1,서울특별시,강남구
11,서울특별시 강남구 영동대로 513 (삼성동)02-6002-3467,1,서울특별시,강남구
12,서울특별시 강남구 학동로 419 (청담동)02-514-3397,1,서울특별시,강남구
13,서울특별시 강남구 도곡로 205 (역삼동)02-565-3496,1,서울특별시,강남구
14,서울특별시 강남구 강남대로 390 (역삼동)02-561-3478,1,서울특별시,강남구
15,서울특별시 강남구 도곡로 457 (대치동)02-554-3315,1,서울특별시,강남구
16,서울특별시 강남구 영동대로 720 (청담동)02-3443-3371,1,서울특별시,강남구
17,서울특별시 강남구 압구정로30길 17 (신사동)02-541-3306,1,서울특별시,강남구
18,서울특별시 강남구 압구정로12길 32 (신사동)02-3446-3356,1,서울특별시,강남구
19,서울특별시 강남구 도산대로57길 24 (청담동)02-514-3364,1,서울특별시,강남구
20,서울특별시 강남구 강남대로 328 (역삼동)02-565-3347,1,서울특별시,강남구
21,서울특별시 강남구 도산대로 328 (논현동) HS빌딩02-758-8971,1,서울특별시,강남구
22,서울특별시 강남구 삼성로 402 (대치동)02-561-3287,1,서울특별시,강남구
23,서울특별시 강남구 테헤란로 505 (삼성동) 화진빌딩02-554-3235,1,서울특별시,강남구
24,"서울특별시 강남구 논현로 752 (논현동,구산빌딩)02-758-8896",1,서울특별시,강남구
25,서울특별시 강남구 도산대로 108 (논현동) 렉스타워02-758-8848,1,서울특별시,강남구
26,서울특별시 강남구 남부순환로 2909 (대치동)02-758-8809,1,서울특별시,강남구
27,서울특별시 강남구 언주로 650 (논현동) 한국건설기술인협회02-758-8798,1,서울특별시,강남구
28,서울특별시 강남구 도산대로 458 (청담동) 리츠타워02-758-8726,1,서울특별시,강남구
29,"서울특별시 강남구 도곡로 408, 디마크빌딩 101호 (대치동)02-758-8683",1,서울특별시,강남구
30,서울특별시 강남구 역삼로 123 (역삼동)02-758-8739,1,서울특별시,강남구
31,서울특별시 강남구 영동대로 513 (삼성동) 코엑스02-758-8733,1,서울특별시,강남구
32,"서울특별시 강남구 논현로175길 94, 1~2층 (신사동)02-758-8661",1,서울특별시,강남구
33,"서울특별시 강남구 테헤란로 211, 한국고등교육재단빌딩 1층 (역삼동)02-758-8626",1,서울특별시,강남구
34,"서울특별시 강남구 테헤란로 134, P&S TOWER (역삼동)02-758-8631",1,서울특별시,강남구
35,"서울특별시 강남구 강남대로 456, 한석타워 2층 1-2호 (역삼동)02-758-8624",1,서울특별시,강남구
36,"서울특별시 강남구 도산대로 532, 인희빌딩 1층 (청담동)02-758-8659",1,서울특별시,강남구
37,서울특별시 강남구 테헤란로87길 33 (삼성동)02-758-8635,1,서울특별시,강남구
38,"서울특별시 강남구 영동대로86길 12, ,9,10번지 동남유화빌딩 (대치동)02-758-8592",1,서울특별시,강남구
39,서울특별시 강남구 논현로 704 (논현동)02-758-8101,1,서울특별시,강남구
40,서울특별시 강남구 도곡로 511 (대치동)02-758-8063,1,서울특별시,강남구
41,"서울특별시 강남구 테헤란로 305, 한국기술센터 1층 (역삼동)02-6009-3410",1,서울특별시,강남구
42,"서울특별시 강남구 언주로30길 57, 타워팰리스Ⅱ F 지하1층 (도곡동)02-2191-1219",1,서울특별시,강남구
43,"서울특별시 강남구 테헤란로 443, 애플트리타워 1층 (삼성동)02-758-8038",1,서울특별시,강남구
44,"서울특별시 강남구 테헤란로64길 18, 세화빌딩 1층 (대치동)02-758-8028",1,서울특별시,강남구
45,"서울특별시 강남구 압구정로 170, 관영빌딩 1층 지하1층 (신사동)02-758-8013",1,서울특별시,강남구
46,서울특별시 강남구 압구정로42길 32 (신사동)02-758-8231,1,서울특별시,강남구
47,서울특별시 강남구 논현로 401 (역삼동)02-758-8247,1,서울특별시,강남구
48,"서울특별시 강남구 테헤란로 223, 큰길타워빌딩 (역삼동)02-758-8116",1,서울특별시,강남구
49,"서울특별시 강남구 선릉로 669, 웰빙센터 1층 (논현동)02-758-8119",1,서울특별시,강남구
50,"서울특별시 강남구 남부순환로 2936, 원플러스 상가107호 (대치동)02-758-8120",1,서울특별시,강남구
51,서울특별시 강남구 논현로 88 (개포동)02-758-8122,1,서울특별시,강남구
52,서울특별시 강남구 테헤란로 142 (역삼동)02-758-8158,1,서울특별시,강남구
53,서울특별시 강남구 영동대로 215 (대치동)02-758-8151,1,서울특별시,강남구
54,서울특별시 강남구 봉은사로 407 (삼성동) 에프오빌딩02-758-8970,1,서울특별시,강남구
55,서울특별시 강남구 삼성로 605 (삼성동)02-758-8278,1,서울특별시,강남구
56,서울특별시 강남구 논현로 508 (역삼동)02-758-8129,1,서울특별시,강남구
57,서울특별시 강남구 논현로 841 (신사동)02-758-8109,1,서울특별시,강남구
58,"서울특별시 강남구 테헤란로 334, LG화재 빌딩 (역삼동)02-758-8108",1,서울특별시,강남구
59,서울특별시 강남구 밤고개로1길 10 (수서동) 수서현대벤쳐빌 지하2층02-758-8165,1,서울특별시,강남구
60,서울특별시 강남구 영동대로 616 (삼성동)02-758-8478,1,서울특별시,강남구
61,서울특별시 강남구 도곡로 183 (역삼동)02-758-8463,1,서울특별시,강남구
62,"서울특별시 강남구 봉은사로 213, 센트럴타워 (논현동)02-758-8444",1,서울특별시,강남구
63,서울특별시 강남구 학동로 506 (삼성동)02-758-8394,1,서울특별시,강남구
64,서울특별시 강남구 언주로174길 29 (신사동)02-758-8398,1,서울특별시,강남구
65,"서울특별시 강남구 봉은사로 304, 금강빌딩 1-2층 (역삼동)02-758-8317",1,서울특별시,강남구
66,서울특별시 강남구 강남대로 282 (도곡동)02-758-8325,1,서울특별시,강남구
67,"서울특별시 강남구 테헤란로2길 27, 1층 101호 (역삼동)02-758-8492",1,서울특별시,강남구
68,"서울특별시 강남구 테헤란로 145, 우신빌딩 1층 (역삼동)02-758-8314",1,서울특별시,강남구
69,"서울특별시 강남구 선릉로 836, 삼원빌딩 1,2층 (청담동)02-758-8345",1,서울특별시,강남구
70,서울특별시 강남구 테헤란로 306 (역삼동)02-758-8321,1,서울특별시,강남구
71,"서울특별시 강남구 삼성로86길 7, 1층 (대치동)02-758-8331",1,서울특별시,강남구
72,"서울특별시 강남구 선릉로93길 22, 대흥빌딩 1층 (역삼동)02-758-8552",1,서울특별시,강남구
73,서울특별시 강남구 테헤란로103길 9 (삼성동)02-758-8585,1,서울특별시,강남구
74,서울특별시 강남구 논현로 648 (논현동)02-758-8426,1,서울특별시,강남구
75,"서울특별시 강남구 도산대로 134, 2층 (논현동)02-758-8429",1,서울특별시,강남구
76,서울특별시 강북구 삼양로 161 (미아동)02-980-3341,1,서울특별시,강북구
77,서울특별시 강북구 도봉로 365 (수유동)02-758-8944,1,서울특별시,강북구
78,서울특별시 강북구 도봉로 32 (미아동)02-758-8859,1,서울특별시,강북구
79,서울특별시 강북구 도봉로 342 (번동)02-758-8104,1,서울특별시,강북구
80,서울특별시 강북구 도봉로 196 (미아동)02-758-8500,1,서울특별시,강북구
81,서울특별시 강서구 강서로 267 (내발산동)02-2664-2624,1,서울특별시,강서구
82,서울특별시 강서구 마곡동로 62 (마곡동)02-2659-3585,1,서울특별시,강서구
83,서울특별시 강서구 방화대로 375 (방화동)02-2664-3480,1,서울특별시,강서구
84,서울특별시 강서구 마곡중앙로 161-17 (마곡동)02-3662-3504,1,서울특별시,강서구
85,"서울특별시 강서구 마곡중앙6로 16 (마곡동) 117,118,119,120호02-2659-3404",1,서울특별시,강서구
86,서울특별시 강서구 양천로 476 (등촌동)02-3661-3418,1,서울특별시,강서구
87,서울특별시 강서구 등촌로 57 (화곡동)02-2648-3257,1,서울특별시,강서구
88,서울특별시 강서구 강서로 463 (마곡동)02-2658-3312,1,서울특별시,강서구
89,서울특별시 강서구 화곡로 142(화곡동)02-758-8881,1,서울특별시,강서구
90,서울특별시 강서구 공항대로 329 (등촌동)02-758-8883,1,서울특별시,강서구
91,서울특별시 강서구 공항대로 627 (염창동)02-758-8694,1,서울특별시,강서구
92,서울특별시 강서구 강서로 388 (등촌동) 그랜드마트02-758-8720,1,서울특별시,강서구
93,"서울특별시 강서구 양천로 559, 가양이마트 1층 (가양동)02-758-8070",1,서울특별시,강서구
94,서울특별시 강서구 강서로13길 3 (화곡동)02-758-8538,1,서울특별시,강서구
95,서울특별시 관악구 관악로 158 (봉천동)02-883-3725,1,서울특별시,관악구
96,서울특별시 관악구 남부순환로 1419 (신림동)02-851-3283,1,서울특별시,관악구
97,서울특별시 관악구 남부순환로 1817 (봉천동)02-876-3252,1,서울특별시,관악구
98,서울특별시 관악구 남부순환로 1948 (봉천동)02-872-3249,1,서울특별시,관악구
99,서울특별시 관악구 남부순환로 2082-2502-758-8721,1,서울특별시,관악구
100,"서울특별시 관악구 보라매로3길 23, 대교빌딩 1층 (봉천동)02-758-8629",1,서울특별시,관악구
101,서울특별시 관악구 남부순환로 1619 (신림동)02-758-8645,1,서울특별시,관악구
102,서울특별시 관악구 신림로 355-1 (신림동)02-758-8290,1,서울특별시,관악구
103,"서울특별시 관악구 신림로 330, PODO MALL 1층 101 일부 (신림동)02-758-8286",1,서울특별시,관악구
104,서울특별시 관악구 남부순환로 1812 (봉천동)02-758-8460,1,서울특별시,관악구
105,서울특별시 광진구 능동로243 02-464-3656,1,서울특별시,광진구
106,서울특별시 광진구 천호대로 676 02-455-3637,1,서울특별시,광진구
107,서울특별시 광진구 광나루로 608 (구의동)02-453-3514,1,서울특별시,광진구
108,서울특별시 광진구 광나루로 519 (구의동)02-758-8901,1,서울특별시,광진구
109,서울특별시 광진구 아차산로 35502-758-8865,1,서울특별시,광진구
110,서울특별시 광진구 천호대로 548 (군자동) 중앙빌딩02-758-8748,1,서울특별시,광진구
111,"서울특별시 광진구 아차산로 607, 1,2층 (광장동)02-758-8648",1,서울특별시,광진구
112,서울특별시 광진구 아차산로 262 (자양동)02-758-8197,1,서울특별시,광진구
113,서울특별시 광진구 능동로 50 (자양동)02-758-8159,1,서울특별시,광진구
114,서울특별시 광진구 구의강변로 64 (구의동) 구의아크로리버02-758-8759,1,서울특별시,광진구
115,서울특별시 광진구 능동로 107 (화양동)02-758-8305,1,서울특별시,광진구
116,서울특별시 광진구 아차산로 373 (구의동)02-758-8476,1,서울특별시,광진구
117,서울특별시 광진구 아차산로 537-17 (광장동)02-758-8508,1,서울특별시,광진구
118,서울특별시 광진구 능동로 90 (자양동) 더 클래식50002-758-8519,1,서울특별시,광진구
119,서울특별시 금천구 가산디지털1로 171 (가산동)02-6244-8046,1,서울특별시,금천구
120,서울특별시 금천구 시흥대로 426 (독산동)02-838-3444,1,서울특별시,금천구
121,서울특별시 금천구 시흥대로 164 (시흥동)02-805-3360,1,서울특별시,금천구
122,서울특별시 금천구 벚꽃로 298 (가산동)02-2083-8302,1,서울특별시,금천구
123,서울특별시 금천구 두산로 70 (독산동)02-758-8765,1,서울특별시,금천구
124,서울특별시 금천구 가산디지털1로 168 (가산동)02-758-8147,1,서울특별시,금천구
125,서울특별시 금천구 디지털로 188 (가산동)02-758-8196,1,서울특별시,금천구
126,서울특별시 금천구 벚꽃로 266 마리오아울렛3관02-758-8542,1,서울특별시,금천구
127,서울특별시 금천구 가산디지털1로 128 (가산동)02-758-8371,1,서울특별시,금천구
128,"서울특별시 금천구 디지털로9길 32, 갑을그레이트밸리 1층 (가산동)02-758-8346",1,서울특별시,금천구
129,서울특별시 노원구 마들로3길 15 02-971-3748,1,서울특별시,노원구
130,서울특별시 노원구 노원로 449 02-931-3660,1,서울특별시,노원구
131,서울특별시 노원구 동일로 1015 (공릉동)02-971-3457,1,서울특별시,노원구
132,"서울특별시 노원구 노원로 569 (상계동, 임광아파트)02-934-3438",1,서울특별시,노원구
133,서울특별시 노원구 동일로 1081 (공릉동)02-972-3380,1,서울특별시,노원구
134,서울특별시 노원구 화랑로 621 (공릉동)02-758-8647,1,서울특별시,노원구
135,"서울특별시 노원구 중계로 217, 중흥빌딩 103,203호 (중계동)02-758-8238",1,서울특별시,노원구
136,"서울특별시 노원구 노해로 502, (주)KT 노원사옥 (상계동)02-758-8523",1,서울특별시,노원구
137,서울특별시 노원구 석계로 104 (월계동)02-758-8485,1,서울특별시,노원구
138,"서울특별시 노원구 동일로 1339, 대한빌딩 (상계동)02-758-8567",1,서울특별시,노원구
139,"서울특별시 노원구 동일로 1413, 1층 (상계동)02-758-8584",1,서울특별시,노원구
140,서울특별시 노원구 마들로3길 15 (월계동)02-758-8573,1,서울특별시,노원구
141,서울특별시 도봉구 노해로65길 4 (창동)02-903-3791,1,서울특별시,도봉구
142,서울특별시 도봉구 도봉로 480 (창동)02-758-8691,1,서울특별시,도봉구
143,"서울특별시 동작구 보라매로5길 35 (신대방동, 파크스퀘어,보라매현대APT)02-832-3693",1,서울특별시,동작구
144,서울특별시 동작구 사당로 300 (사당동 이수자이)02-588-3657,1,서울특별시,동작구
145,서울특별시 동작구 노량진로 134 (노량진동)02-816-3581,1,서울특별시,동작구
146,서울특별시 동작구 상도로 102 (상도동)02-813-3501,1,서울특별시,동작구
147,서울특별시 동작구 흑석로 75-1 (흑석동)02-812-3250,1,서울특별시,동작구
148,서울특별시 동작구 상도로 354 (상도동)02-815-3205,1,서울특별시,동작구
149,서울특별시 동작구 사당로 4 (상도동)02-758-8153,1,서울특별시,동작구
150,"서울특별시 동작구 동작대로 21, 양지빌딩 1-3층 (사당동)02-758-8311",1,서울특별시,동작구
151,서울특별시 마포구 상암산로 76 (상암동)02-304-3752,1,서울특별시,마포구
152,서울특별시 마포구 토정로 295 (용강동)02-3275-3655,1,서울특별시,마포구
153,서울특별시 마포구 양화로 125 (서교동)02-325-3531,1,서울특별시,마포구
154,서울특별시 마포구 마포대로 173-14 (아현동)02-392-3555,1,서울특별시,마포구
155,서울특별시 마포구 마포대로 130 (공덕동)02-716-3426,1,서울특별시,마포구
156,"서울특별시 마포구 양화로 45 (서교동, 메세나폴리스)02-324-3587",1,서울특별시,마포구
157,서울특별시 마포구 양화로 178 (동교동)02-332-3516,1,서울특별시,마포구
158,서울특별시 마포구 독막로 311 (염리동)02-3272-3331,1,서울특별시,마포구
159,서울특별시 마포구 서강로 69 (창전동)02-325-3351,1,서울특별시,마포구
160,"서울특별시 마포구 월드컵로1길 14 (합정동) 마포한강푸르지오 110, 111, 112-202-323-3214",1,서울특별시,마포구
161,서울특별시 마포구 백범로 89-5 (대흥동)02-3272-3335,1,서울특별시,마포구
162,서울특별시 마포구 양화로 105 (서교동)02-326-5218,1,서울특별시,마포구
163,서울특별시 마포구 월드컵북로54길 17 (상암동)02-373-3225,1,서울특별시,마포구
164,서울특별시 마포구 신촌로16길 10 (노고산동)02-334-3275,1,서울특별시,마포구
165,서울특별시 마포구 상암산로 3402-758-8890,1,서울특별시,마포구
166,서울특별시 마포구 독막로 88 (상수동)02-758-8925,1,서울특별시,마포구
167,서울특별시 마포구 마포대로 86 (도화동) 창강빌딩02-758-8933,1,서울특별시,마포구
168,서울특별시 마포구 양화로 78 (서교동) 서교빌딩 1층02-758-8856,1,서울특별시,마포구
169,서울특별시 마포구 백범로 23 (신수동)02-758-8783,1,서울특별시,마포구
170,서울특별시 마포구 성암로 267 (상암동)02-758-8787,1,서울특별시,마포구
171,서울특별시 마포구 와우산로 83 (서교동)02-758-8786,1,서울특별시,마포구
172,"서울특별시 마포구 양화로 165, 상진빌딩 1층 (동교동)02-758-8672",1,서울특별시,마포구
173,"서울특별시 마포구 월드컵북로 22, 영준빌딩 1층 (동교동)02-758-8637",1,서울특별시,마포구
174,"서울특별시 마포구 마포대로 201, 마포트라팰리스II (아현동)02-758-8272",1,서울특별시,마포구
175,"서울특별시 마포구 와우산로 101, 정명빌딩 (서교동)02-758-8293",1,서울특별시,마포구
176,"서울특별시 마포구 월드컵북로 375, DMC이안오피스텔1단지 102호,202호 (상암동)02-6393-6219",1,서울특별시,마포구
177,"서울특별시 마포구 마포대로 45, 일진빌딩 1층 (도화동)02-758-8265",1,서울특별시,마포구
178,서울특별시 마포구 마포대로 68 (도화동) 마포아크로타워02-758-8217,1,서울특별시,마포구
179,서울특별시 마포구 와우산로 64 (상수동)02-758-8402,1,서울특별시,마포구
180,서울특별시 마포구 월드컵로 74 (서교동)02-758-8365,1,서울특별시,마포구
181,서울특별시 마포구 백범로 212 (신공덕동) 마포이마트02-758-8467,1,서울특별시,마포구
182,"서울특별시 마포구 양화로 45 (서교동, 메세나폴리스)02-758-8534",1,서울특별시,마포구
183,서울특별시 서대문구 가재울미래로 2 02-304-3724,1,서울특별시,서대문구
184,서울특별시 서대문구 신촌로 73 (창천동)02-336-3529,1,서울특별시,서대문구
185,서울특별시 서대문구 연희로 97 (연희동)02-326-3372,1,서울특별시,서대문구
186,"서울특별시 서대문구 신촌로35길 10 (북아현동, E편한세상신촌 4단지)02-312-3430",1,서울특별시,서대문구
187,서울특별시 서대문구 통일로 451 (홍제동)02-396-3383,1,서울특별시,서대문구
188,서울특별시 서대문구 연세로 50 (신촌동) 연세대학교02-758-8977,1,서울특별시,서대문구
189,서울특별시 서대문구 거북골로 53 (남가좌동)02-758-8908,1,서울특별시,서대문구
190,서울특별시 서대문구 연희로 144 (연희동)02-758-8893,1,서울특별시,서대문구
191,서울특별시 서대문구 신촌로 1 (창천동)02-758-8688,1,서울특별시,서대문구
192,서울특별시 서대문구 충정로 53 (충정로2가)02-758-8163,1,서울특별시,서대문구
193,서울특별시 서대문구 신촌로 121 (창천동)02-758-8090,1,서울특별시,서대문구
194,서울특별시 서대문구 연세로 10-1 (창천동)02-758-8035,1,서울특별시,서대문구
195,서울특별시 서대문구 이화여대길 34 (대현동)02-758-8001,1,서울특별시,서대문구
196,"서울특별시 서대문구 연세로 50, 연세세브란스 종합관 (신촌동)02-758-8244",1,서울특별시,서대문구
197,서울특별시 서대문구 이화여대길 52 (대현동) 이화여자대학교 B415호02-758-8240,1,서울특별시,서대문구
198,서울특별시 서대문구 연세로 35 (창천동)02-758-8439,1,서울특별시,서대문구
199,서울특별시 서대문구 신촌로 129 (창천동)02-758-8401,1,서울특별시,서대문구
200,서울특별시 서대문구 충정로 2302-758-8479,1,서울특별시,서대문구
201,서울특별시 서대문구 성산로 565 (대신동)02-758-8450,1,서울특별시,서대문구
202,"서울특별시 서대문구 명물길 24, 1-5층 (창천동)02-365-8330",1,서울특별시,서대문구
203,"서울특별시 서대문구 서소문로 21, 충정타워빌딩 1층 (충정로3가)02-758-8333",1,서울특별시,서대문구
204,서울특별시 서초구 강남대로 465 (서초동)02-534-3604,1,서울특별시,서초구
205,서울특별시 서초구 방배로 114 (방배동)02-3473-3576,1,서울특별시,서초구
206,서울특별시 서초구 신반포로 176 (반포동)02-537-3598,1,서울특별시,서초구
207,서울특별시 서초구 반포대로21길 3 (서초동)02-522-3533,1,서울특별시,서초구
208,서울특별시 서초구 남부순환로 2557 (서초동)02-3471-3545,1,서울특별시,서초구
209,서울특별시 서초구 강남대로 343 (서초동)02-3486-3536,1,서울특별시,서초구
210,"서울특별시 서초구 서초대로 3-4 (방배동, 방배디오슈페리움1)02-3476-3472",1,서울특별시,서초구
211,서울특별시 서초구 강남대로 595 (잠원동)02-516-3402,1,서울특별시,서초구
212,서울특별시 서초구 신반포로 194 (반포동)02-592-3432,1,서울특별시,서초구
213,서울특별시 서초구 강남대로85길 5 (반포동)02-515-3419,1,서울특별시,서초구
214,서울특별시 서초구 방배로 21102-536-3204,1,서울특별시,서초구
215,서울특별시 서초구 방배중앙로 162 (방배동)02-536-3206,1,서울특별시,서초구
216,서울특별시 서초구 서초대로 274 (서초동)02-523-3294,1,서울특별시,서초구
217,서울특별시 서초구 청계산로 203 (신원동)02-577-3253,1,서울특별시,서초구
218,서울특별시 서초구 방배천로 5-4(방배동)02-758-8953,1,서울특별시,서초구
219,서울특별시 서초구 사평대로 205 (반포동) CENTRALCITY02-758-8790,1,서울특별시,서초구
220,서울특별시 서초구 서초중앙로 138 (서초동) 우림빌딩02-758-8757,1,서울특별시,서초구
221,서울특별시 서초구 강남대로 202 (양재동) 모산빌딩02-758-8816,1,서울특별시,서초구
222,서울특별시 서초구 강남대로 557 (잠원동) 1~2층02-758-8819,1,서울특별시,서초구
223,서울특별시 서초구 동작대로 112 (방배동)02-758-8794,1,서울특별시,서초구
224,서울특별시 서초구 방배로 184 (방배동) 대풍빌딩02-758-8740,1,서울특별시,서초구
225,서울특별시 서초구 서초대로74길 29 (서초동) 서초파라곤02-758-8716,1,서울특별시,서초구
226,서울특별시 서초구 남부순환로 2395 (서초동) 호경빌딩02-758-8738,1,서울특별시,서초구
227,서울특별시 서초구 서초중앙로 22502-758-8715,1,서울특별시,서초구
228,서울특별시 서초구 신반포로 176 (반포동)02-758-8656,1,서울특별시,서초구
229,서울특별시 서초구 서초대로78길 24 (서초동)02-758-8213,1,서울특별시,서초구
230,서울특별시 서초구 방배로 84 (방배동)02-758-8086,1,서울특별시,서초구
231,서울특별시 서초구 신반포로 257 (잠원동) 신반포11차상가02-758-8141,1,서울특별시,서초구
232,"서울특별시 서초구 서초중앙로 26, 래미안서초유니빌 1층 101호 (서초동)02-758-8085",1,서울특별시,서초구
233,서울특별시 서초구 잠원로 69 (잠원동) 킴스클럽02-758-8032,1,서울특별시,서초구
234,"서울특별시 서초구 서초대로77길 27, 유빌딩 1,2층 (서초동)02-758-8081",1,서울특별시,서초구
235,서울특별시 서초구 서초중앙로 118 (서초동)02-758-8073,1,서울특별시,서초구
236,"서울특별시 서초구 매헌로 16, 리빙관 101호 (양재동)02-2155-4117",1,서울특별시,서초구
237,서울특별시 서초구 강남대로 483 (반포동) 청호빌딩02-758-8756,1,서울특별시,서초구
238,"서울특별시 서초구 논현로 139, 대흥빌딩 (양재동)02-758-8291",1,서울특별시,서초구
239,서울특별시 서초구 효령로 274 (서초동)02-758-8229,1,서울특별시,서초구
240,서울특별시 서초구 서래로 48 (반포동)02-3482-8257,1,서울특별시,서초구
241,서울특별시 서초구 강남대로 399 (서초동)02-758-8225,1,서울특별시,서초구
242,서울특별시 서초구 반포대로 118 (서초동)02-758-8289,1,서울특별시,서초구
243,"서울특별시 서초구 남부순환로323길 1, 1층 (서초동)02-758-8313",1,서울특별시,서초구
244,서울특별시 서초구 서초중앙로 164 (서초동)02-758-8400,1,서울특별시,서초구
245,"서울특별시 서초구 서초대로 411, GT타워 (서초동)02-758-8477",1,서울특별시,서초구
246,"서울특별시 서초구 남부순환로339길 64, 현우빌딩 1층 (서초동)02-758-8459",1,서울특별시,서초구
247,"서울특별시 서초구 서초중앙로 64, 1층 (서초동)02-758-8332",1,서울특별시,서초구
248,"서울특별시 서초구 서초대로77길 62, 강남역아이파크 B102~B105 (서초동)02-758-8587",1,서울특별시,서초구
249,서울특별시 성북구 종암로 17 (종암동)02-925-3469,1,서울특별시,성북구
250,서울특별시 성북구 동소문로 314 (하월곡동)02-913-3364,1,서울특별시,성북구
251,서울특별시 성북구 보문로34길 62 (동선동2가)02-922-3281,1,서울특별시,성북구
252,서울특별시 성북구 종암로 122 (종암동)02-758-8980,1,서울특별시,성북구
253,서울특별시 성북구 동소문로 10 (동소문동2가)02-758-8714,1,서울특별시,성북구
254,"서울특별시 성북구 화랑로 76, 101-1호 (하월곡동)02-758-8608",1,서울특별시,성북구
255,서울특별시 성북구 인촌로24길 51 (안암동5가)02-758-8067,1,서울특별시,성북구
256,"서울특별시 성북구 동소문로 315, 현대백화점미아점 지하 1층 (길음동)02-758-8203",1,서울특별시,성북구
257,서울특별시 성북구 동소문로24길 12 (동선동1가)02-758-8499,1,서울특별시,성북구
258,서울특별시 성북구 인촌로 102-2 (안암동5가)02-758-8541,1,서울특별시,성북구
259,서울특별시 성북구 성북로 11 (성북동1가)02-758-8455,1,서울특별시,성북구
260,서울특별시 송파구 오금로 142 (송파동)02-421-3622,1,서울특별시,송파구
261,서울특별시 송파구 올림픽로 289 (신천동)02-417-3614,1,서울특별시,송파구
262,서울특별시 송파구 송파대로 201 (문정동)02-881-5012,1,서울특별시,송파구
263,서울특별시 송파구 오금로 420 (가락동)02-401-3574,1,서울특별시,송파구
264,"서울특별시 송파구 송파대로 111 (문정동, 파크하비오) 204동 104호~107호02-401-3431",1,서울특별시,송파구
265,"서울특별시 송파구 송파대로 167 (문정동)테라타워 B동 137호~139호,204호02-2054-3836",1,서울특별시,송파구
266,서울특별시 송파구 올림픽로35길 141 (신천동)02-416-0020,1,서울특별시,송파구
267,"서울특별시 송파구 위례광장로 230 (장지동, 위례2차아이파크)02-3012-3457",1,서울특별시,송파구
268,서울특별시 송파구 오금로 241 (방이동)02-414-3269,1,서울특별시,송파구
269,서울특별시 송파구 오금로 87 (방이동)02-2145-0300,1,서울특별시,송파구
270,서울특별시 송파구 위례성대로 38 (방이동) 해태그린피아빌라트02-758-8983,1,서울특별시,송파구
271,서울특별시 송파구 법원로 55 (문정동)02-409-3245,1,서울특별시,송파구
272,서울특별시 송파구 송파대로 386 (송파동)02-758-8931,1,서울특별시,송파구
273,서울특별시 송파구 석촌호수로 176 (삼전동)02-758-8874,1,서울특별시,송파구
274,서울특별시 송파구 동남로 141 (가락동)02-758-8860,1,서울특별시,송파구
275,서울특별시 송파구 중대로 68 (문정동)02-758-8793,1,서울특별시,송파구
276,서울특별시 송파구 위례성대로 102 (방이동)02-758-8769,1,서울특별시,송파구
277,"서울특별시 송파구 마천로 53, 1~2층 (오금동)02-758-8698",1,서울특별시,송파구
278,서울특별시 송파구 석촌호수로 262 (송파동)02-758-8693,1,서울특별시,송파구
279,"서울특별시 송파구 올림픽로35가길 9, 잠실푸르지오월드마크 1층 (신천동)02-758-8652",1,서울특별시,송파구
280,서울특별시 송파구 올림픽로 96 (잠실동)02-758-8643,1,서울특별시,송파구
281,"서울특별시 송파구 송파대로 562, 한빛프라자 1층, 2층 (신천동)02-758-8077",1,서울특별시,송파구
282,"서울특별시 송파구 올림픽로 212, 갤러리아 팰리스 (잠실동)02-758-8118",1,서울특별시,송파구
283,서울특별시 송파구 백제고분로 69 (잠실동)02-758-8124,1,서울특별시,송파구
284,서울특별시 송파구 양재대로 1222 (방이동)02-758-8580,1,서울특별시,송파구
285,서울특별시 송파구 송파대로30길 13 (가락동)02-758-8495,1,서울특별시,송파구
286,"서울특별시 송파구 백제고분로 358, 1층 (석촌동)02-758-8350",1,서울특별시,송파구
287,"서울특별시 송파구 중대로 121, 롯데캐슬 파인힐 1층 (가락동)02-758-8469",1,서울특별시,송파구
288,서울특별시 송파구 충민로 10 (문정동) 가든파이브툴02-758-8406,1,서울특별시,송파구
289,서울특별시 양천구 공항대로 566 (목동) 1층 2층02-2645-3631,1,서울특별시,양천구
290,서울특별시 양천구 목동동로 309 (목동)02-2643-3652,1,서울특별시,양천구
291,서울특별시 양천구 신월로 341 (신정동)02-2604-3441,1,서울특별시,양천구
292,서울특별시 양천구 목동로 203 (신정동) 1층일부02-2602-3505,1,서울특별시,양천구
293,"서울특별시 양천구 오목로 279 (목동) 102,103,104,105호02-2642-3326",1,서울특별시,양천구
294,서울특별시 양천구 목동서로 299 (신정동)02-2061-3381,1,서울특별시,양천구
295,서울특별시 양천구 오목로 354 (목동)02-758-8941,1,서울특별시,양천구
296,서울특별시 양천구 남부순환로 430 (신월동)02-758-8930,1,서울특별시,양천구
297,서울특별시 양천구 목동서로 213 (목동) 세신비젼프라자02-758-8842,1,서울특별시,양천구
298,서울특별시 양천구 오목로 300 (목동)02-758-8610,1,서울특별시,양천구
299,"서울특별시 양천구 목동동로 411, 1동 116호(목동, 부영그린타운3차)02-758-8615",1,서울특별시,양천구
300,서울특별시 양천구 목동서로 67 (목동) 우성에펠타운02-758-8099,1,서울특별시,양천구
301,"서울특별시 양천구 목동동로 257, 현대백화점목동점 지하 2층 (목동)02-2163-1750",1,서울특별시,양천구
302,"서울특별시 양천구 목동서로 155, 목동파라곤 1층 (목동)02-758-8353",1,서울특별시,양천구
303,서울특별시 영등포구 여의대방로 376 (여의도동)02-780-3743,1,서울특별시,영등포구
304,서울특별시 영등포구 경인로 870 (영등포동1가)02-2068-3692,1,서울특별시,영등포구
305,서울특별시 영등포구 양평로 22 (당산동6가)02-2631-3397,1,서울특별시,영등포구
306,서울특별시 영등포구 국제금융로 10 (여의도동)  지하1층 178호02-6137-5178,1,서울특별시,영등포구
307,서울특별시 영등포구 의사당대로 26 (여의도동)02-782-3470,1,서울특별시,영등포구
308,서울특별시 영등포구 국제금융로6길 38 (여의도동)02-782-3565,1,서울특별시,영등포구
309,서울특별시 영등포구 국회대로 786 (여의도동)02-761-3466,1,서울특별시,영등포구
310,서울특별시 영등포구 영중로 119 (영등포동8가)02-2671-3369,1,서울특별시,영등포구
311,서울특별시 영등포구 여의공원로 101 (여의도동)02-3775-3359,1,서울특별시,영등포구
312,서울특별시 영등포구 의사당대로 8 (여의도동)02-780-3346,1,서울특별시,영등포구
313,서울특별시 영등포구 양평로 115 (양평동4가)02-2634-3258,1,서울특별시,영등포구
314,서울특별시 영등포구 의사당대로 83 (여의도동) 한국휴렛팩커드빌딩02-761-3236,1,서울특별시,영등포구
315,서울특별시 영등포구 선유동2로 57 (양평제1동) 이레빌딩02-2068-3224,1,서울특별시,영등포구
316,서울특별시 영등포구 국제금융로 86 (여의도동) 롯데캐슬 아이비02-758-8875,1,서울특별시,영등포구
317,서울특별시 영등포구 의사당대로 147 (여의도동) 알리안츠타워02-758-8834,1,서울특별시,영등포구
318,서울특별시 영등포구 신길로 137 (신길동)02-758-8813,1,서울특별시,영등포구
319,서울특별시 영등포구 당산로 34 (문래동3가)02-758-8833,1,서울특별시,영등포구
320,서울특별시 영등포구 양평로 64 (당산동6가)02-758-8713,1,서울특별시,영등포구
321,서울특별시 영등포구 국제금융로6길 7 (여의도동) 한양증권02-758-8711,1,서울특별시,영등포구
322,서울특별시 영등포구 은행로 11 (여의도동) 1층 1부02-758-8695,1,서울특별시,영등포구
323,"서울특별시 영등포구 영중로 9, 신세계백화점 B관 지하2층 (영등포동4가)02-2639-4072",1,서울특별시,영등포구
324,서울특별시 영등포구 경인로 775 (문래동3가) 에이스하이테크시티02-758-8210,1,서울특별시,영등포구
325,"서울특별시 영등포구 당산로 231, 대원빌딩 1,2층 (당산동6가)02-758-8270",1,서울특별시,영등포구
326,서울특별시 영등포구 국회대로70길 15-1 (여의도동)02-758-8008,1,서울특별시,영등포구
327,서울특별시 영등포구 국제금융로2길 28 (여의도동)02-758-8007,1,서울특별시,영등포구
328,"서울특별시 영등포구 국제금융로 56, 대우증권빌딩 1층 (여의도동)02-758-8052",1,서울특별시,영등포구
329,서울특별시 영등포구 의사당대로 127 (여의도동) 롯데캐슬앰파이어 1층 104호02-758-8127,1,서울특별시,영등포구
330,"서울특별시 영등포구 선유로 64, 대창타운빌 1층 (문래동3가)02-758-8324",1,서울특별시,영등포구
331,"서울특별시 영등포구 영중로 9, 신세계백화점 B관 1층 (영등포동4가)02-2639-4058",1,서울특별시,영등포구
332,"서울특별시 영등포구 여의대방로65길 24, 호성빌딩 1층 (여의도동)02-758-8379",1,서울특별시,영등포구
333,"서울특별시 영등포구 영중로 15, 타임스퀘어 단지 지하2층 (영등포동4가)02-758-8415",1,서울특별시,영등포구
334,서울특별시 영등포구 영등포로 254 (영등포동3가)02-758-8335,1,서울특별시,영등포구
335,서울특별시 영등포구 영중로 15 (영등포동4가) 타임스퀘어02-758-8303,1,서울특별시,영등포구
336,"서울특별시 영등포구 국회대로74길 12, 남중빌딩 1층 (여의도동)02-758-8348",1,서울특별시,영등포구
337,서울특별시 영등포구 국제금융로 10 (여의도동)02-6137-9955,1,서울특별시,영등포구
338,서울특별시 은평구 통일로 715 02-352-3711,1,서울특별시,은평구
339,서울특별시 은평구 진관3로 21 은평엘크루 101동 105-108호02-389-3557,1,서울특별시,은평구
340,서울특별시 은평구 통일로 842 (불광동)02-358-3491,1,서울특별시,은평구
341,서울특별시 은평구 통일로 867 (갈현동)02-388-3348,1,서울특별시,은평구
342,서울특별시 은평구 진관2로 1202-758-8934,1,서울특별시,은평구
343,서울특별시 은평구 은평로 170 (응암동)02-758-8762,1,서울특별시,은평구
344,서울특별시 은평구 은평로 111 (응암동)02-758-8139,1,서울특별시,은평구
345,서울특별시 은평구 연서로 146 (대조동)02-758-8515,1,서울특별시,은평구
346,서울특별시 종로구 율곡로2길 25 (수송동)02-730-3742,1,서울특별시,종로구
347,서울특별시 종로구 대학로12길 4 1~2층02-742-3673,1,서울특별시,종로구
348,서울특별시 종로구 새문안로3길 15 (당주동)02-3210-3760,1,서울특별시,종로구
349,서울특별시 종로구 평창12길 3 (평창동)02-396-3631,1,서울특별시,종로구
350,서울특별시 종로구 종로 6 (서린동)02-733-3592,1,서울특별시,종로구
351,서울특별시 종로구 종로 51 (종로2가)02-722-3507,1,서울특별시,종로구
352,서울특별시 종로구 통일로 168-1 (교남동)02-737-3544,1,서울특별시,종로구
353,서울특별시 종로구 새문안로5가길 28 (적선동)02-722-3549,1,서울특별시,종로구
354,"서울특별시 종로구 종로 344 (숭인동, 대우디오빌) 101호 일부, 201호 일부02-2234-4265",1,서울특별시,종로구
355,서울특별시 종로구 삼봉로 71 (수송동)02-6281-3272,1,서울특별시,종로구
356,서울특별시 종로구 북촌로4길 23 (계동)02-758-8827,1,서울특별시,종로구
357,서울특별시 종로구 종로5길 30 (청진동) 1~3층02-758-8818,1,서울특별시,종로구
358,서울특별시 종로구 새문안로 92 (신문로1가) 광화문오피시아빌딩02-758-8788,1,서울특별시,종로구
359,서울특별시 종로구 북촌로 5-1 (재동)02-758-8779,1,서울특별시,종로구
360,서울특별시 종로구 삼청로 111-1 (삼청동)02-758-8771,1,서울특별시,종로구
361,서울특별시 종로구 종로3길 17 (청진동) D타워02-758-8954,1,서울특별시,종로구
362,서울특별시 종로구 돈화문로 13 (관수동) 서울극장02-758-8269,1,서울특별시,종로구
363,"서울특별시 종로구 새문안로5길 55, 노스게이트빌딩 1층 (적선동)02-758-8050",1,서울특별시,종로구
364,서울특별시 종로구 인사동길 14 (인사동)02-758-8022,1,서울특별시,종로구
365,서울특별시 종로구 청계천로 41 (서린동) 영풍빌딩02-758-8083,1,서울특별시,종로구
366,"서울특별시 종로구 세종대로 167, 현대해상본사사옥 별관내 (세종로)02-758-8036",1,서울특별시,종로구
367,서울특별시 종로구 창경궁로 235 (명륜3가)02-758-8249,1,서울특별시,종로구
368,서울특별시 종로구 사직로8길 4 (사직동) 광화문 풍림스페이스본02-758-8235,1,서울특별시,종로구
369,서울특별시 종로구 종로 183 (인의동) 효성주얼리시티02-6744-4882,1,서울특별시,종로구
370,서울특별시 종로구 종로 64 (종로2가)02-758-8169,1,서울특별시,종로구
371,서울특별시 종로구 삼일대로19길 20 (관철동)02-758-8168,1,서울특별시,종로구
372,서울특별시 종로구 청계천로 59 (관철동)02-758-8154,1,서울특별시,종로구
373,서울특별시 종로구 동숭길 110 (동숭동)02-758-8430,1,서울특별시,종로구
374,"서울특별시 종로구 종로12길 21, 2층 (관철동)02-758-8360",1,서울특별시,종로구
375,"서울특별시 종로구 자하문로4길 6, 1층 (통의동)02-758-8359",1,서울특별시,종로구
376,서울특별시 종로구 종로1길 42 (수송동)02-758-8405,1,서울특별시,종로구
377,서울특별시 종로구 대명길 5 (명륜4가)02-758-8316,1,서울특별시,종로구
378,"서울특별시 종로구 대학로 116, 1-2층 (동숭동)02-758-8315",1,서울특별시,종로구
379,"서울특별시 종로구 종로 113-1, 1-4층 (종로3가)02-758-8339",1,서울특별시,종로구
380,"서울특별시 종로구 대학로 57, 홍익대학교 대학로캠퍼스 內 (연건동)02-758-8558",1,서울특별시,종로구
381,서울특별시 종로구 삼일대로 403-1 (인사동)02-758-8548,1,서울특별시,종로구
382,"서울특별시 종로구 율곡로 6, B동 101호(중학동, 트윈트리타워)02-758-8386",1,서울특별시,종로구
383,서울특별시 종로구 삼일대로20길 13 (관수동)02-758-8560,1,서울특별시,종로구
384,서울특별시 중구 세종대로12길 12 (남대문로4가)02-3789-3661,1,서울특별시,중구
385,서울특별시 중구 세종대로 39 상공회의소회관 1층02-6050-1180,1,서울특별시,중구
386,서울특별시 중구 명동9길 16 (명동1가)02-3789-3640,1,서울특별시,중구
387,서울특별시 중구 을지로 251 (을지로6가)02-2269-3667,1,서울특별시,중구
388,서울특별시 중구 서애로 1길 1102-2269-3296,1,서울특별시,중구
389,서울특별시 중구 소공로 63 (충무로1가)02-310-1514,1,서울특별시,중구
390,서울특별시 중구 을지로 51 (을지로2가)02-754-3429,1,서울특별시,중구
391,서울특별시 중구 퇴계로 18 (남대문로5가)02-6366-1381,1,서울특별시,중구
392,서울특별시 중구 장충단로 229 (광희동1가)02-2279-3345,1,서울특별시,중구
393,서울특별시 중구 남대문로 109 (다동)02-752-3464,1,서울특별시,중구
394,서울특별시 중구 장충단로 166 (장충동1가)02-2264-3364,1,서울특별시,중구
395,서울특별시 중구 다산로 258 (흥인동)02-2253-3318,1,서울특별시,중구
396,서울특별시 중구 통일로 10 (남대문로5가)02-2259-3331,1,서울특별시,중구
397,서울특별시 중구 퇴계로 72 (회현동) 리더스뷰남산02-758-8986,1,서울특별시,중구
398,서울특별시 중구 남대문로10길 9 (삼각동) 경기빌딩02-758-8981,1,서울특별시,중구
399,서울특별시 중구 삼일대로 358 (을지로2가)02-6250-8280,1,서울특별시,중구
400,서울특별시 중구 퇴계로 77 (충무로1가)02-310-1431,1,서울특별시,중구
401,서울특별시 중구 소공로 70 (충무로 1가) 서울 중앙 우체국02-758-8979,1,서울특별시,중구
402,서울특별시 중구 세종대로 124 (태평로1가)02-722-3263,1,서울특별시,중구
403,서울특별시 중구 명동길 60 (명동 2가)02-758-8903,1,서울특별시,중구
404,서울특별시 중구 다산로 129 (신당동)02-758-8862,1,서울특별시,중구
405,서울특별시 중구 수표로 34 (저동2가)02-758-8857,1,서울특별시,중구
406,서울특별시 중구 명동10길 4102-758-8849,1,서울특별시,중구
407,서울특별시 중구 세종대로18길 32 (소공동) 삼원빌딩02-758-8843,1,서울특별시,중구
408,서울특별시 중구 서소문로 120 (서소문동) 대한빌딩02-758-8832,1,서울특별시,중구
409,"서울특별시 중구 퇴계로 385, 1층 (흥인동)02-758-8669",1,서울특별시,중구
410,서울특별시 중구 명동9가길 14 (을지로1가) 메트로호텔02-758-8764,1,서울특별시,중구
411,"서울특별시 중구 세종대로 17, 와이즈타워 1층 (남대문로5가)02-758-8087",1,서울특별시,중구
412,"서울특별시 중구 칠패로 27, 1층 (순화동)02-758-8209",1,서울특별시,중구
413,서울특별시 중구 퇴계로 212 (필동 2가)02-758-8030,1,서울특별시,중구
414,서울특별시 중구 소공로 112 (소공동)02-758-8140,1,서울특별시,중구
415,서울특별시 중구 무교로 21 (무교동) 코오롱빌딩 1층02-758-8037,1,서울특별시,중구
416,서울특별시 중구 새문안로 22 (충정로1가) 문화일보02-758-8047,1,서울특별시,중구
417,"서울특별시 중구 세종대로 72, 대영빌딩 1층 (태평로2가)02-758-8039",1,서울특별시,중구
418,"서울특별시 중구 세종대로9길 41, 퍼시픽타워 1층 (서소문동)02-758-8079",1,서울특별시,중구
419,"서울특별시 중구 소월로 10, 단암빌딩 (남대문로5가)02-758-8306",1,서울특별시,중구
420,서울특별시 중구 청계천로 400 (황학동) 롯데캐슬베네치아02-2048-5257,1,서울특별시,중구
421,서울특별시 중구 서소문로 130 (서소문동)02-758-8181,1,서울특별시,중구
422,"서울특별시 중구 명동 7길 8, 2층 (명동 1가)02-758-8318",1,서울특별시,중구
423,서울특별시 중구 을지로5길 16 삼화타워1층02-758-8483,1,서울특별시,중구
424,"서울특별시 중구 남대문로7길 19, 삼영빌딩 1층 일부 (소공동)02-758-8569",1,서울특별시,중구
425,서울특별시 중구 서소문로 99 (서소문동)02-758-8409,1,서울특별시,중구
426,"서울특별시 중구 을지로 50, 1층 (을지로 2가)02-758-8385",1,서울특별시,중구
427,서울특별시 중구 통일로 92 (순화동) 에이스타워빌딩02-758-8372,1,서울특별시,중구
428,"서울특별시 중구 을지로 19, 삼성화재삼성빌딩 1층 (을지로1가)02-758-8504",1,서울특별시,중구
429,"서울특별시 중구 을지로 19, 삼성화재삼성빌딩 1층 (을지로1가)02-758-8505",1,서울특별시,중구
430,"서울특별시 중구 퇴계로 197, 충무빌딩 1층 (필동 2가)02-758-8395",1,서울특별시,중구
431,"서울특별시 중구 퇴계로 101, 건물 전체 (충무로 1가)02-758-8562",1,서울특별시,중구
432,서울특별시 중구 퇴계로 100 (회현동2가)02-758-8539,1,서울특별시,중구
433,서울특별시 중구 남대문로 68-1 (명동2가)02-758-8506,1,서울특별시,중구
434,서울특별시 강동구 양재대로 1647 (명일동)02-427-3681,1,서울특별시,강동구
435,서울특별시 강동구 성내로 32 (성내동)02-489-3652,1,서울특별시,강동구
436,서울특별시 강동구 고덕로 43 (암사동)02-426-3583,1,서울특별시,강동구
437,"서울특별시 강동구 천호대로 1089 (천호동, 강동 헤르셔)02-477-3319",1,서울특별시,강동구
438,서울특별시 강동구 양재대로 1303 (성내동) 평원빌딩02-478-3240,1,서울특별시,강동구
439,서울특별시 강동구 천호대로 1037 (천호동)02-758-8923,1,서울특별시,강동구
440,서울특별시 강동구 천호대로 1015-14 (천호동) 이마트별관02-758-8732,1,서울특별시,강동구
441,서울특별시 강동구 양재대로 1487 (길동)02-758-8776,1,서울특별시,강동구
442,"서울특별시 강동구 상일로10길 36, 1~2층 (상일동)02-758-8670",1,서울특별시,강동구
443,서울특별시 강동구 강동대로 171 (성내동)02-758-8761,1,서울특별시,강동구
444,"서울특별시 강동구 천호대로 1012, 태승빌딩 (성내동)02-758-8296",1,서울특별시,강동구
445,서울특별시 강동구 동남로75길 5 (명일동) 명일이마트별관주차장02-758-8752,1,서울특별시,강동구
446,"서울특별시 강동구 양재대로 1441, 1층 (길동)02-758-8342",1,서울특별시,강동구
447,서울특별시 구로구 경인로 610 (신도림동)02-2635-3516,1,서울특별시,구로구
448,서울특별시 구로구 디지털로32길 30 (구로동)02-2103-5088,1,서울특별시,구로구
449,서울특별시 구로구 경인로 216 (오류동)02-758-8775,1,서울특별시,구로구
450,"서울특별시 구로구 디지털로33길 11, 에이스테크노8차 1층 (구로동)02-758-8655",1,서울특별시,구로구
451,"서울특별시 구로구 디지털로31길 61, 신세계디지털센터 101호 (구로동)02-758-8092",1,서울특별시,구로구
452,"서울특별시 구로구 디지털로 285, 에이스트윈타워1차 103호 (구로동)02-758-8161",1,서울특별시,구로구
453,"서울특별시 구로구 디지털로26길 5, 에이스하이엔드타워1차 103호 (구로동)02-758-8340",1,서울특별시,구로구
454,서울특별시 구로구 경인로 662 (신도림동)02-2210-9237,1,서울특별시,구로구
455,"서울특별시 구로구 디지털로32길 72, 구로호텔 1층 (구로동)02-758-8555",1,서울특별시,구로구
456,서울특별시 구로구 경인로 662 (신도림동)02-2210-9797,1,서울특별시,구로구
457,서울특별시 동대문구 천호대로 263 (답십리동)02-2245-3417,1,서울특별시,동대문구
458,서울특별시 동대문구 회기로 141 (회기동)02-959-3391,1,서울특별시,동대문구
459,서울특별시 동대문구 이문로 93 (이문동)02-965-3373,1,서울특별시,동대문구
460,서울특별시 동대문구 왕산로 19 (신설동)02-758-8942,1,서울특별시,동대문구
461,서울특별시 동대문구 이문로 37 (회기동)02-758-8767,1,서울특별시,동대문구
462,서울특별시 동대문구 휘경로 12-1 (이문동)02-758-8132,1,서울특별시,동대문구
463,서울특별시 동대문구 장한로 10 (장안동)02-758-8475,1,서울특별시,동대문구
464,서울특별시 동대문구 경희대로 16-1 (회기동)02-758-8351,1,서울특별시,동대문구
465,서울특별시 성동구 아차산로 42 (성수동1가)02-469-3488,1,서울특별시,성동구
466,"서울특별시 성동구 왕십리로 410 (하왕십리동, 센트라스)02-2294-3409",1,서울특별시,성동구
467,서울특별시 성동구 성수이로 94 (성수동2가)02-469-3460,1,서울특별시,성동구
468,서울특별시 성동구 왕십리로 382 (하왕십리동)02-2294-3342,1,서울특별시,성동구
469,서울특별시 성동구 왕십리로 326 (도선동)02-758-8900,1,서울특별시,성동구
470,서울특별시 성동구 행당동 왕십리로 241 B1층02-758-8846,1,서울특별시,성동구
471,서울특별시 성동구 왕십리로 225 (행당동)02-758-8015,1,서울특별시,성동구
472,서울특별시 성동구 왕십리광장로 17 (행당동)02-2200-6250,1,서울특별시,성동구
473,서울특별시 성동구 뚝섬로 379 (성수동2가) 이마트 성수점02-758-8282,1,서울특별시,성동구
474,서울특별시 용산구 이태원로 188 (이태원동)02-798-9780,1,서울특별시,용산구
475,서울특별시 용산구 이태원로 252 (한남동)02-797-3556,1,서울특별시,용산구
476,"서울특별시 용산구 한강대로 69 (한강로2가, 용산푸르지오써밋)02-749-3550",1,서울특별시,용산구
477,서울특별시 용산구 이촌로 276 (이촌동)02-3785-3518,1,서울특별시,용산구
478,"서울특별시 용산구 한강대로 95 (한강로2가, 래미안용산)02-794-3487",1,서울특별시,용산구
479,"서울특별시 용산구 서빙고로 67 (용산동5가, 파크타워)02-3785-3386",1,서울특별시,용산구
480,서울특별시 용산구 한강대로 275 (갈월동)02-3275-3320,1,서울특별시,용산구
481,서울특별시 용산구 독서당로 94 (한남동)070-7831-9088,1,서울특별시,용산구
482,서울특별시 용산구 남산공원길 105 (용산동2가) YTN서울타워 1층02-319-3246,1,서울특별시,용산구
483,서울특별시 용산구 한강대로 372 (동자동)02-758-8734,1,서울특별시,용산구
484,"서울특별시 용산구 이태원로 213, 1,2층 (한남동)02-758-8622",1,서울특별시,용산구
485,서울특별시 용산구 대사관로 67 (한남동)02-758-8600,1,서울특별시,용산구
486,서울특별시 용산구 청파로47길 57 (청파동3가)02-758-8191,1,서울특별시,용산구
487,서울특별시 용산구 장문로 12 (동빙고동)02-798-8262,1,서울특별시,용산구
488,서울특별시 용산구 한강대로 291 (갈월동)02-758-8377,1,서울특별시,용산구
489,서울특별시 용산구 한강대로23길 5502-2012-2907,1,서울특별시,용산구
490,서울특별시 용산구 이촌로 198 (이촌동)02-758-8368,1,서울특별시,용산구
491,"서울특별시 중랑구 상봉로 131 (상봉동, 상봉 듀오트리스 주상복합)02-438-5223",1,서울특별시,중랑구
492,서울특별시 중랑구 망우로30길 3 (상봉동)02-758-8935,1,서울특별시,중랑구
493,서울특별시 중랑구 신내로 7202-758-8887,1,서울특별시,중랑구
494,서울특별시 중랑구 면목로 31002-758-8823,1,서울특별시,중랑구
495,"서울특별시 중랑구 망우로 307, ,3,4번지 (상봉동)02-758-8486",1,서울특별시,중랑구
496,"서울특별시 중랑구 동일로 932, 묵동이마트 B1층 (묵동)02-758-8370",1,서울특별시,중랑구
497,경기도 고양시 일산동구 무궁화로 294 (풍동)031-903-3601,1,경기도,고양시
498,경기도 고양시 일산동구 식사동 814 경기도 고양시 일산동구 동국로 27031-961-9180,1,경기도,고양시
499,경기도 고양시 일산동구 백마로 475 (풍동)031-903-3461,1,경기도,고양시
500,경기도 고양시 일산동구 강송로 33 (백석동)031-849-6688,1,경기도,고양시
501,경기도 고양시 일산동구 위시티2로11번길 31 (식사동)031-968-8814,1,경기도,고양시
502,경기도 고양시 일산동구 무궁화로 237 (중산동)031-977-8795,1,경기도,고양시
503,"경기도 고양시 일산동구 중앙로 1054, 1층 (백석동)031-903-8618",1,경기도,고양시
504,경기도 고양시 일산동구 중앙로 1059 (백석동)031-907-6755,1,경기도,고양시
505,경기도 고양시 일산동구 중앙로1275번길 38-9 (장항동)031-908-8625,1,경기도,고양시
506,경기도 고양시 일산동구 일산로 237 (마두동)031-904-7968,1,경기도,고양시
507,경기도 고양시 일산동구 정발산로 24 (장항동)031-931-5283,1,경기도,고양시
508,경기도 고양시 일산동구 중앙로 1191 (장항동)031-907-6482,1,경기도,고양시
509,"경기도 고양시 일산동구 정발산로 이스턴시티 38번지 116,117호031-904-7521",1,경기도,고양시
510,경기도 과천시 중앙로 277 (중앙동)02-504-3497,1,경기도,과천시
511,경기도 과천시 별양상가3로 11 이마트 1층(별양동)02-758-8033,1,경기도,과천시
512,"경기도 과천시 중앙로 129, 고려빌딩 1층 (중앙동)02-758-8369",1,경기도,과천시
513,경기도 광명시 범안로 1036 (하안동)02-897-3672,1,경기도,광명시
514,"경기도 광명시 양지로 16 (일직동, 광명역써밋플레이스)02-898-3617",1,경기도,광명시
515,경기도 광명시 오리로 361 (소하동)02-898-3671,1,경기도,광명시
516,경기도 광명시 금하로 464 (소하동)02-897-3386,1,경기도,광명시
517,경기도 광명시 광명로 907 (광명동)02-2619-3389,1,경기도,광명시
518,경기도 광명시 디지털로 17 (철산1동) 가림빌딩02-2689-3192,1,경기도,광명시
519,경기도 광명시 범안로 1060 (하안동)02-758-8825,1,경기도,광명시
520,경기도 광명시 오리로 865 (철산동)02-2625-5466,1,경기도,광명시
521,경기도 광주시 오포읍 태재로 37 031-717-3566,1,경기도,광주시
522,경기도 광주시 광주대로 35 (경안동)031-765-9893,1,경기도,광주시
523,경기도 구리시 경춘북로252 A101 031-572-3631,1,경기도,구리시
524,"경기도 구리시 건원대로 67, 1층 (인창동)031-568-8682",1,경기도,구리시
525,"경기도 구리시 검배로 5, 우진빌딩 (수택동)031-567-8593",1,경기도,구리시
526,경기도 군포시 고산로701 031-392-3638,1,경기도,군포시
527,"경기도 군포시 산본로343번길 9, 성진빌딩 1층 (산본동)031-391-8216",1,경기도,군포시
528,"경기도 군포시 번영로 497, 금화프라자 1층 (산본동)031-392-8435",1,경기도,군포시
529,"경기도 군포시 산본로 398, 태주빌딩 2층031-398-9447",1,경기도,군포시
530,경기도 남양주시 진접읍 해밀예당1로27 031-529-3642,1,경기도,남양주시
531,경기도 남양주시 진접읍 금강로 1477 031-529-3287,1,경기도,남양주시
532,경기도 남양주시 와부읍 경강로 772 031-577-3227,1,경기도,남양주시
533,경기도 남양주시 별내5로5번길 15 (별내동)031-575-3328,1,경기도,남양주시
534,경기도 남양주시 경춘로 1269031-591-5938,1,경기도,남양주시
535,경기도 남양주시 별내중앙로 64 1-2층031-572-1861,1,경기도,남양주시
536,"경기도 남양주시 늘을1로16번길 25, 성보빌딩 (호평동)031-595-4597",1,경기도,남양주시
537,경기도 부천시 소사구 경인로 485032-349-7884,1,경기도,부천시
538,경기도 부천시 원미구 석천로 188 (중동)032-327-3356,1,경기도,부천시
539,"경기도 부천시 원미구 길주로 180, 현대백화점부천중동점 중동점 지하1층 (중동)032-623-2872",1,경기도,부천시
540,경기도 부천시 원미구 조마루로 2 (상동)032-220-7988,1,경기도,부천시
541,"경기도 부천시 원미구 부일로 204, 루치올라빌딩 (상동)032-323-8434",1,경기도,부천시
542,"경기도 부천시 원미구 부천로 7, 1,2층 (심곡동)032-612-8531",1,경기도,부천시
543,경기도 부천시 원미구 상동로 87 (상동)032-325-8433,1,경기도,부천시
544,경기도 성남시 분당구 판교역로 152 (백현동)031-622-7191,1,경기도,성남시
545,"경기도 성남시 분당구 동판교로177번길 25 (삼평동, 판교 호반 써밋 플레이스)031-702-3603",1,경기도,성남시
546,경기도 성남시 분당구 성남대로925번길 16 (야탑동)031-705-3449,1,경기도,성남시
547,경기도 성남시 분당구 이매로 15 (이매동)031-8017-3439,1,경기도,성남시
548,경기도 성남시 분당구 새마을로175번길 4 (율동)031-703-3403,1,경기도,성남시
549,경기도 성남시 분당구 정자로 82 (정자동)031-712-3290,1,경기도,성남시
550,경기도 성남시 분당구 대왕판교로606번길 10 (백현동 알파돔시티)031-703-3531,1,경기도,성남시
551,경기도 성남시 분당구 운중로 132 (운중동)031-8017-1927,1,경기도,성남시
552,경기도 성남시 분당구 판교로 227번길 6 (삼평동)031-8016-6912,1,경기도,성남시
553,경기도 성남시 분당구 판교로 372 (삼평동)031-8017-7902,1,경기도,성남시
554,경기도 성남시 분당구 판교역로 192번길 14 (삼평동)031-8017-7589,1,경기도,성남시
555,경기도 성남시 분당구 황새울로360번길 19 (서현동) 금화빌딩031-8017-8773,1,경기도,성남시
556,"경기도 성남시 분당구 대왕판교로606번길 58, 판교푸르지오월드마크 1층 (삼평동)031-8016-5666",1,경기도,성남시
557,경기도 성남시 분당구 성남대로 151 (구미동)031-724-1337,1,경기도,성남시
558,경기도 성남시 분당구 수내로46번길 12 (수내동) 코아빌딩031-715-9708,1,경기도,성남시
559,경기도 성남시 분당구 성남대로343번길 12-2 (정자동)031-719-1945,1,경기도,성남시
560,경기도 성남시 분당구 분당로 43 (서현동)031-708-6758,1,경기도,성남시
561,"경기도 성남시 분당구 야탑로81번길 11, 뉴코아 야탑점 아울렛 1층 (야탑동)031-702-0385",1,경기도,성남시
562,경기도 성남시 분당구 돌마로 43 (금곡동) 메디파크빌딩031-714-9753,1,경기도,성남시
563,"경기도 성남시 분당구 황새울로 234, 분당트라팰리스 (수내동)031-718-2079",1,경기도,성남시
564,"경기도 성남시 분당구 정자일로213번길 18, 201동 101호(정자동, 성원상떼뷰)031-714-8264",1,경기도,성남시
565,"경기도 성남시 분당구 황새울로359번길 11, 미래에셋빌딩 1층 (서현동)031-705-8247",1,경기도,성남시
566,경기도 성남시 분당구 성남대로916번길 11 (야탑동)031-8016-8416,1,경기도,성남시
567,"경기도 성남시 분당구 정자일로 166, SPG센터 (정자동)031-8022-8559",1,경기도,성남시
568,"경기도 성남시 분당구 구미로173번길 82, 분당서울대학교병원 신관 4층 (구미동)031-716-6583",1,경기도,성남시
569,"경기도 성남시 분당구 구미로173번길 82, 분당서울대학교병원 신관 1층 (구미동)031-715-6581",1,경기도,성남시
570,경기도 성남시 분당구 황새울로335번길 5 (서현동)031-696-1203,1,경기도,성남시
571,"경기도 성남시 분당구 서현로210번길 20, 1층 (서현동)031-8016-7387",1,경기도,성남시
572,"경기도 성남시 분당구 성남대로 32, 1층 (구미동)031-719-8349",1,경기도,성남시
573,"경기도 성남시 분당구 성남대로 393, 두산위브파빌리온 1층 (정자동)031-784-9670",1,경기도,성남시
574,"경기도 성남시 분당구 백현로101번길 30, 1-2층 (수내동)031-714-8308",1,경기도,성남시
575,경기도 성남시 분당구 성남대로 275 (정자동)031-715-9461,1,경기도,성남시
576,경기도 성남시 분당구 불정로 134 (정자동)031-716-8397,1,경기도,성남시
577,"경기도 성남시 분당구 판교역로 231, 에이치스퀘어 (삼평동)031-8018-4436",1,경기도,성남시
578,경기도 성남시 분당구 성남대로 45 (구미동)031-714-9525,1,경기도,성남시
579,"경기도 성남시 분당구 판교역로 230, 판교 삼환 HIPEX (삼평동)031-696-0308",1,경기도,성남시
580,경기도 성남시 중원구 산성대로426번길 2 (금광동)031-734-3765,1,경기도,성남시
581,경기도 성남시 중원구 산성대로 340-1 (중앙동)031-743-8830,1,경기도,성남시
582,"경기도 수원시 권선구 서수원로577번길 305 (금곡동, 수원모아미래도센트럴타운2단지)031-292-3615",1,경기도,수원시
583,경기도 수원시 권선구 매송고색로 543 (오목천동)031-295-3425,1,경기도,수원시
584,경기도 수원시 권선구 동수원로177번길 40 (권선동)031-222-3468,1,경기도,수원시
585,경기도 수원시 권선구 경수대로 270 (권선동)031-207-1268,1,경기도,수원시
586,경기도 수원시 권선구 효원로 274 (권선동)031-238-8392,1,경기도,수원시
587,경기도 수원시 장안구 경수대로 1038 (파장동)031-251-3550,1,경기도,수원시
588,경기도 수원시 장안구 덕영대로535번길 46 (천천동)031-269-3597,1,경기도,수원시
589,"경기도 수원시 장안구 서부로 2131, 1층 4,5,6호 2층1,2호 (율전동)031-292-7571",1,경기도,수원시
590,경기도 수원시 팔달구 권광로 265 (인계동)031-215-3477,1,경기도,수원시
591,경기도 수원시 팔달구 인계로94번길 3 (인계동)031-236-2801,1,경기도,수원시
592,경기도 수원시 팔달구 권광로 132 (인계동)031-224-5877,1,경기도,수원시
593,경기도 수원시 팔달구 매산로 11 (매산로1가)031-243-1972,1,경기도,수원시
594,경기도 수원시 팔달구 중부대로 161 (우만동) 유성주유소031-212-4969,1,경기도,수원시
595,경기도 수원시 팔달구 권광로 199 (인계동)031-226-8544,1,경기도,수원시
596,경기도 수원시 팔달구 월드컵로 205 (우만동)031-215-4516,1,경기도,수원시
597,"경기도 시흥시 서울대학로278번길 43-13 (정왕동) 106호, 107호, 108호031-498-3519",1,경기도,시흥시
598,경기도 시흥시 비둘기공원로 10 (대야동)031-435-3497,1,경기도,시흥시
599,경기도 시흥시 서해안로 699 (정왕동)031-8072-3672,1,경기도,시흥시
600,경기도 시흥시 서해안로 699 (정왕동)031-8072-3638,1,경기도,시흥시
601,경기도 시흥시 중심상가2길 20-5 (정왕동)031-434-8550,1,경기도,시흥시
602,경기도 안산시 단원구 고잔로 72 (고잔동)031-405-3597,1,경기도,안산시
603,경기도 안산시 단원구 적금로 120 (고잔동)031-414-3437,1,경기도,안산시
604,경기도 안산시 단원구 원포공원1로 46 (초지동) 이마트031-405-9839,1,경기도,안산시
605,"경기도 안산시 단원구 광덕대로 154, ,771-4 로데오타운1층 (고잔동)031-405-0678",1,경기도,안산시
606,"경기도 안산시 단원구 고잔로 102, 스타타워 1층 (고잔동)031-410-9658",1,경기도,안산시
607,경기도 안산시 단원구 중앙대로 907 (고잔동)031-439-8214,1,경기도,안산시
608,경기도 안산시 단원구 중앙대로 397 (신길동)031-494-4507,1,경기도,안산시
609,경기도 안성시 중앙로 308 (석정동)031-671-3610,1,경기도,안성시
610,"경기도 안성시 중앙로 395, 1층 1~2층 (대천동)031-671-9565",1,경기도,안성시
611,경기도 안양시 동안구 관악대로 234 (비산동)031-387-3537,1,경기도,안양시
612,경기도 안양시 동안구 시민대로 180 (호계동)031-340-8940,1,경기도,안양시
613,경기도 안양시 동안구 엘에스로 23-8 (호계동)031-451-3254,1,경기도,안양시
614,경기도 안양시 동안구 평촌대로 123 (호계동)031-476-3325,1,경기도,안양시
615,경기도 안양시 동안구 관평로 182 (관양동)031-388-6889,1,경기도,안양시
616,경기도 안양시 동안구 시민대로 311 금강스마트 빌딩 1층(관양동1746)031-426-8918,1,경기도,안양시
617,경기도 안양시 동안구 경수대로 821 (비산동)031-441-8940,1,경기도,안양시
618,"경기도 안양시 동안구 시민대로 230, 평촌아크로타워상가동 2층 8호 (관양동)031-387-8201",1,경기도,안양시
619,경기도 안양시 동안구 평촌대로 223 (호계동)031-381-8399,1,경기도,안양시
620,"경기도 안양시 동안구 흥안대로 519, 아이퍼스트타워 1~2층 (관양동)031-425-7566",1,경기도,안양시
621,경기도 안양시 만안구 장내로 149번길 (안양동)53031-441-8960,1,경기도,안양시
622,경기도 안양시 만안구 경수대로 1397 (석수동)031-474-8928,1,경기도,안양시
623,경기도 안양시 만안구 안양로292번길 36 (안양동)031-443-0346,1,경기도,안양시
624,경기도 양주시 회천남로 76 (옥정동)031-863-3781,1,경기도,양주시
625,경기도 양주시 독바위로 35 (덕정동)031-862-3668,1,경기도,양주시
626,경기도 양주시 부흥로 1872 (광사동)031-821-3545,1,경기도,양주시
627,경기도 양주시 고읍남로 20 (광사동)031-821-8952,1,경기도,양주시
628,"경기도 오산시 경기대로 50, B동 (갈곶동)031-376-3561",1,경기도,오산시
629,경기도 오산시 원동로 74(원동)031-374-7904,1,경기도,오산시
630,경기도 오산시 운천로 61031-376-8872,1,경기도,오산시
631,경기도 용인시 기흥구 중부대로 769-6 (상하동)031-286-3575,1,경기도,용인시
632,"경기도 용인시 기흥구 기흥역로 63 (구갈동, 기흥역 힐스테이트)031-282-3715",1,경기도,용인시
633,경기도 용인시 기흥구 용구대로 1877 (보라동)031-282-3551,1,경기도,용인시
634,경기도 용인시 기흥구 어정로 102 (상하동)031-283-3248,1,경기도,용인시
635,경기도 용인시 기흥구 용구대로 2330031-284-2958,1,경기도,용인시
636,경기도 용인시 기흥구 구갈로 71-18 (신갈동)031-282-5766,1,경기도,용인시
637,경기도 용인시 기흥구 중부대로 56031-273-8703,1,경기도,용인시
638,"경기도 용인시 기흥구 죽전로 20, 죽전누리에뜰상가 (보정동)031-276-8570",1,경기도,용인시
639,경기도 용인시 기흥구 용구대로 2457 (보정동)031-286-7352,1,경기도,용인시
640,"경기도 용인시 기흥구 강남로 3, 강남&플러스 1층(구갈동)031-283-8335",1,경기도,용인시
641,경기도 용인시 처인구 포곡읍 에버랜드로 199 070-8803-0022,1,경기도,용인시
642,경기도 용인시 처인구 중부대로 1130031-322-3248,1,경기도,용인시
643,경기도 용인시 처인구 금령로 60 (김량장동)031-339-8634,1,경기도,용인시
644,경기도 의왕시 안양판교로 89 (포일동)031-423-3378,1,경기도,의왕시
645,경기도 의정부시 경의로 31 (의정부동)031-837-3571,1,경기도,의정부시
646,경기도 의정부시 금신로 63 031-826-3675,1,경기도,의정부시
647,경기도 의정부시 시민로 468 (용현동)031-841-3503,1,경기도,의정부시
648,경기도 의정부시 평화로 540 (의정부동)031-847-3509,1,경기도,의정부시
649,경기도 의정부시 천보로 68 (민락동)031-851-3372,1,경기도,의정부시
650,경기도 의정부시 평화로 341 (호원동)031-875-3312,1,경기도,의정부시
651,경기도 의정부시 비우로 119 (가능동)031-871-8995,1,경기도,의정부시
652,"경기도 의정부시 청사로48번길 7, 대송프라자 (금오동)031-853-3640",1,경기도,의정부시
653,"경기도 의정부시 평화로 525, 신세계백화점 2층 (의정부동)031-8082-0255",1,경기도,의정부시
654,"경기도 의정부시 평화로 525, 신세계백화점 6층 (의정부동)031-8082-0630",1,경기도,의정부시
655,경기도 이천시 이섭대천로 1445 (증포동)031-637-3596,1,경기도,이천시
656,경기도 이천시 경충대로 3045 (사음동)031-638-3407,1,경기도,이천시
657,"경기도 이천시 부발읍 경충대로 2100, 외 101호,102호,201호031-635-8651",1,경기도,이천시
658,경기도 이천시 중부대로 중부고속도로 82031-637-9488,1,경기도,이천시
659,경기도 이천시 중리천로 84 (중리동)031-637-8464,1,경기도,이천시
660,경기도 포천시 호국로 925 (선단동)031-543-3457,1,경기도,포천시
661,"경기도 포천시 소흘읍 솔모루로 55, 뉴스토리솔모루빌딩031-542-9632",1,경기도,포천시
662,경기도 하남시 미사강변남로 35 (망월동)031-792-3644,1,경기도,하남시
663,경기도 하남시 학암동 90-33 위례스타필드031-8097-1167,1,경기도,하남시
664,경기도 하남시 아리수로 570 (망월동)031-792-3712,1,경기도,하남시
665,경기도 하남시 미사강변북로30번길 130 (망월동)031-794-3396,1,경기도,하남시
666,경기도 하남시 미사대로 750 (신장동)031-8072-8283,1,경기도,하남시
667,경기도 하남시 미사대로 750 (신장동)031-8072-1898,1,경기도,하남시
668,경기도 하남시 미사대로 750 (신장동)031-8072-8339,1,경기도,하남시
669,경기도 하남시 신장로 130031-793-7866,1,경기도,하남시
670,경기도 하남시 대청로 34 (신장동)031-795-8724,1,경기도,하남시
671,경기도 화성시 향남읍 발안로 111 031-366-5483,1,경기도,화성시
672,"경기도 화성시 동탄대로시범길 134 (청계동, 시범 반도유보라 아이비파크4.0)031-377-3594",1,경기도,화성시
673,경기도 화성시 동탄지성로 201 (능동)031-226-3528,1,경기도,화성시
674,경기도 화성시 동탄대로 495 (오산동)031-373-3484,1,경기도,화성시
675,경기도 화성시 효행로 1013 (진안동)031-226-3277,1,경기도,화성시
676,경기도 화성시 동탄순환대로 692 (영천동)031-378-3290,1,경기도,화성시
677,경기도 화성시 영통로 43 (반월동)031-203-6994,1,경기도,화성시
678,경기도 화성시 동탄지성로 104 센트럴파티오031-613-4542,1,경기도,화성시
679,"경기도 화성시 메타폴리스로 54, 동탄파라곤2상가 (반송동)031-8015-3584",1,경기도,화성시
680,"경기도 화성시 동탄지성로 17, 풍성 위버폴리스  (반송동)031-613-8162",1,경기도,화성시
681,"경기도 화성시 동탄중앙로 376, 동탄이마트 1층 (석우동)031-8015-5391",1,경기도,화성시
682,경기도 고양시 덕양구 고양대로 1955 (동산동)031-5173-3028,1,경기도,고양시
683,경기도 고양시 덕양구 고양대로 1955 (동산동)031-5173-1038,1,경기도,고양시
684,경기도 고양시 덕양구 고양대로 1955 (동산동)031-5173-1065,1,경기도,고양시
685,경기도 고양시 덕양구 고양대로 1955 (동산동)031-5173-3039,1,경기도,고양시
686,경기도 고양시 덕양구 신원동 628-202-371-3271,1,경기도,고양시
687,경기도 고양시 덕양구 호국로 1775 (고양동)031-965-4579,1,경기도,고양시
688,경기도 고양시 덕양구 충장로 14 (행신동)031-973-3234,1,경기도,고양시
689,경기도 고양시 덕양구 호국로 811 (주교동)031-965-7850,1,경기도,고양시
690,경기도 고양시 덕양구 화신로272번길 57 (화정동)031-938-8338,1,경기도,고양시
691,경기도 고양시 덕양구 화신로260번길 57 (화정동)031-973-8530,1,경기도,고양시
692,경기도 성남시 수정구 위례광장로 104 (창곡동)031-751-3485,1,경기도,성남시
693,경기도 성남시 수정구 수정로 201 (태평1동) 신세계쉐덴031-751-3219,1,경기도,성남시
694,경기도 여주시 세종로 358 (점봉동)_1031-883-3561,1,경기도,여주시
695,경기도 여주시 명품로 360 2004호 (상거동)031-880-1631,1,경기도,여주시
696,경기도 여주시 명품로 360 2400호 (상거동)031-880-1633,1,경기도,여주시
697,경기도 평택시 비전5로 20-24 (비전동)031-618-3761,1,경기도,평택시
698,경기도 평택시 경기대로 1353 (서정동)031-664-3646,1,경기도,평택시
699,경기도 평택시 중앙2로 13 (평택동)031-651-3959,1,경기도,평택시
700,경기도 평택시 평택로 51 (평택동) 평택역031-646-6150,1,경기도,평택시
701,경기도 평택시 관광특구로 38 (서정동)031-611-8614,1,경기도,평택시
702,경기도 고양시 일산서구 대화동 1050-185031-929-5315,1,경기도,고양시
703,경기도 고양시 일산서구 하이파크2로 67 (덕이동)031-919-3453,1,경기도,고양시
704,경기도 고양시 일산서구 탄중로 106 (덕이동)031-919-3353,1,경기도,고양시
705,경기도 고양시 일산서구 일산로 541 (일산동)031-921-8919,1,경기도,고양시
706,경기도 고양시 일산서구 대화동 킨텍스로 171031-912-8924,1,경기도,고양시
707,경기도 고양시 일산서구 일현로 97-11 (일산위브더제니스스퀘어1동147~151)031-913-8712,1,경기도,고양시
708,"경기도 고양시 일산서구 중앙로 1559, 시티타워 1~2층 (대화동)031-918-8674",1,경기도,고양시
709,"경기도 고양시 일산서구 중앙로 1420, 1층 (주엽동)031-911-8660",1,경기도,고양시
710,"경기도 고양시 일산서구 중앙로 1456, 서현프라자 112호 ,113호,114호 (주엽동)031-913-8206",1,경기도,고양시
711,"경기도 김포시 김포한강4로 487 (구래동, 한강신도시 반도유보라 4차)031-985-3653",1,경기도,김포시
712,"경기도 김포시 김포한강2로 41 (장기동, E편한세상 캐널시티)031-986-3530",1,경기도,김포시
713,경기도 김포시 중봉로 27 (감정동)031-987-3418,1,경기도,김포시
714,경기도 김포시 김포한강11로 288-32031-989-4922,1,경기도,김포시
715,경기도 김포시 김포한강7로 71031-996-3065,1,경기도,김포시
716,경기도 김포시 풍무로 45 (풍무동)031-998-6728,1,경기도,김포시
717,경기도 김포시 사우중로 35 (사우동)031-985-6745,1,경기도,김포시
718,"경기도 김포시 김포한강4로 117, 홍우프라자 102~105호 (장기동)031-998-7586",1,경기도,김포시
719,경기도 부천시 부천로 97 (심곡동)032-611-3414,1,경기도,부천시
720,경기도 부천시 송내대로 239 (상동)032-624-7342,1,경기도,부천시
721,경기도 부천시 부흥로 193 (중동)032-614-3212,1,경기도,부천시
722,경기도 부천시 길주로 281 (중동) 동화빌딩032-322-4921,1,경기도,부천시
723,경기도 부천시 신흥로 161 (중동)032-322-6730,1,경기도,부천시
724,"경기도 부천시 길주로 181, 102,103,104,110,111,112호 (중동)032-327-9646",1,경기도,부천시
725,경기도 수원시 영통구 광교중앙로248번길 7-2 (하동)031-213-3682,1,경기도,수원시
726,경기도 수원시 영통구 대학로 47 (이의동)031-217-3676,1,경기도,수원시
727,경기도 수원시 영통구 광교중앙로 145 (이의동)031-217-3654,1,경기도,수원시
728,경기도 수원시 영통구 덕영대로 1566 (영통동)031-204-3648,1,경기도,수원시
729,경기도 수원시 영통구 덕영대로 1467031-273-8972,1,경기도,수원시
730,경기도 수원시 영통구 센트럴타운로 85 (이의동) 광교C1호반베르디움031-215-8909,1,경기도,수원시
731,경기도 수원시 영통구 삼성로 2 트레이더스수원점 (신동)031-204-7803,1,경기도,수원시
732,경기도 수원시 영통구 덕영대로 1695 (영통동)031-206-8747,1,경기도,수원시
733,경기도 수원시 영통구 영통로 195 (망포동)031-205-6575,1,경기도,수원시
734,경기도 수원시 영통구 광교로 191(이의동)031-217-2955,1,경기도,수원시
735,"경기도 수원시 영통구 봉영로 1617, 훼미리타워 1층 (영통동)031-201-1880",1,경기도,수원시
736,"경기도 안산시 상록구 성안길 82-3, B동 1층 (사동)031-415-8654",1,경기도,안산시
737,"경기도 안산시 상록구 광덕1로 379, 한남빌딩 1~2층 (이동)031-419-8664",1,경기도,안산시
738,경기도 양평군 양평읍 시민로 75 031-775-3492,1,경기도,양평군
739,"경기도 용인시 수지구 용구대로 2750 (죽전동, 죽전 효성해링턴 플레이스)031-272-3686",1,경기도,용인시
740,경기도 용인시 수지구 죽전로168번길 18 (죽전동)031-898-3610,1,경기도,용인시
741,경기도 용인시 수지구 손곡로 031-276-5822,1,경기도,용인시
742,경기도 용인시 수지구 현암로 140 (죽전동)031-266-8797,1,경기도,용인시
743,경기도 용인시 수지구 성복2로 55 (성복동)031-263-9808,1,경기도,용인시
744,경기도 용인시 수지구 광교마을로 41 (상현동)031-213-8641,1,경기도,용인시
745,"경기도 용인시 수지구 포은대로 536, (주)신세계백화점경기점 8층 (죽전동)031-695-1910",1,경기도,용인시
746,"경기도 용인시 수지구 포은대로 552, 이마트 죽전점 1층 (죽전동)031-898-1833",1,경기도,용인시
747,"경기도 용인시 수지구 포은대로 536, (주)신세계백화점경기점 4층 (죽전동)031-695-1791",1,경기도,용인시
748,경기도 용인시 수지구 수지로 203 (신봉동)031-272-8362,1,경기도,용인시
749,"경기도 용인시 수지구 수지로296번길 51-11, 비즈마루빌딩 1층 101호 (풍덕천동)031-276-7494",1,경기도,용인시
750,경기도 파주시 야당동 1066-3031-948-3558,1,경기도,파주시
751,경기도 파주시 문화로 109 (금촌동)031-947-3625,1,경기도,파주시
752,"경기도 파주시 금릉역로 84, 청원센트럴타워 1층 (금촌동)031-947-8692",1,경기도,파주시
753,경기도 파주시 와석순환로 135031-945-2751,1,경기도,파주시
754,경기도 파주시 탄현면 필승로 200031-8071-7389,1,경기도,파주시
755,경기도 동두천시 지행로 55 (지행동)031-859-3732,1,경기도,동두천시
756,경기도 동두천시 평화로 2254 (지행동)031-868-3251,1,경기도,동두천시
757,광주광역시 광산구 임방울대로 156 (운남동)062-953-3621,1,광주광역시,광산구
758,광주광역시 광산구 용아로 342 (산정동)062-954-3595,1,광주광역시,광산구
759,광주광역시 광산구 사암로 367 (산정동)062-954-3446,1,광주광역시,광산구
760,광주광역시 광산구 상무대로205번길 6 (송정동)062-942-3360,1,광주광역시,광산구
761,광주광역시 광산구 임방울대로 487 (수완동)062-952-3291,1,광주광역시,광산구
762,광주광역시 광산구 목련로 335 (신가동)062-962-6855,1,광주광역시,광산구
763,광주광역시 광산구 첨단중앙로 158 (쌍암동)062-972-9805,1,광주광역시,광산구
764,광주광역시 광산구 장신로 85 (장덕동)062-959-8706,1,광주광역시,광산구
765,"광주광역시 광산구 사암로216번길 38-16, 1~2층 (우산동)062-959-8679",1,광주광역시,광산구
766,광주광역시 광산구 첨단중앙로 104 (월계동)062-971-8719,1,광주광역시,광산구
767,"광주광역시 광산구 장신로 134, 1~2층 (수완동)062-962-8384",1,광주광역시,광산구
768,광주광역시 남구 회재로 1256 (주월동)062-673-3691,1,광주광역시,남구
769,광주광역시 남구 제석로 104 (봉선동)062-653-3591,1,광주광역시,남구
770,광주광역시 남구 서문대로 665 (진월동)062-672-3385,1,광주광역시,남구
771,광주광역시 남구 대남대로 67 (방림동)062-654-3277,1,광주광역시,남구
772,광주광역시 남구 봉선중앙로 51 (봉선동)062-653-7844,1,광주광역시,남구
773,광주광역시 남구 서문대로 745 (주월동)062-675-9556,1,광주광역시,남구
774,"광주광역시 남구 봉선로 176, 1층 101,111호 (봉선동)062-651-8363",1,광주광역시,남구
775,광주광역시 동구 무등로 592 (산수동)062-223-3537,1,광주광역시,동구
776,광주광역시 동구 중앙로160번길 14 (황금동)062-233-7854,1,광주광역시,동구
777,광주광역시 동구 증심사길 16 (운림동)062-223-8710,1,광주광역시,동구
778,광주광역시 동구 충장로 93-5 (금남로2가)062-233-1849,1,광주광역시,동구
779,광주광역시 동구 충장로 65 (충장로3가)062-224-8344,1,광주광역시,동구
780,광주광역시 동구 서석로 43 (충장로1가)062-223-8432,1,광주광역시,동구
781,광주광역시 동구 지산로 3 (서석동)062-222-9574,1,광주광역시,동구
782,광주광역시 북구 서암대로 93 (신안동)062-511-3594,1,광주광역시,북구
783,광주광역시 북구 설죽로 339 (매곡동)062-573-3454,1,광주광역시,북구
784,광주광역시 북구 삼정로 4 (두암동)062-252-3427,1,광주광역시,북구
785,광주광역시 북구 설죽로 518 (일곡동)062-575-3394,1,광주광역시,북구
786,광주광역시 북구 서방로9번길 30 (중흥동)062-251-3202,1,광주광역시,북구
787,광주광역시 북구 북문대로 78 (운암동)062-511-8950,1,광주광역시,북구
788,광주광역시 북구 첨단연신로 101 (신용동)062-572-9949,1,광주광역시,북구
789,광주광역시 북구 임방울대로 1016 (신용동)062-574-1911,1,광주광역시,북구
790,"광주광역시 북구 우치로 110, 1,2,3층 (용봉동)062-251-0604",1,광주광역시,북구
791,광주광역시 북구 저불로 45 (용봉동)062-523-8471,1,광주광역시,북구
792,광주광역시 서구 죽봉대로 33 (화정동)062-352-3682,1,광주광역시,서구
793,광주광역시 서구 상무대로 847 (쌍촌동)062-373-3685,1,광주광역시,서구
794,광주광역시 서구 상무대로 1080062-362-3539,1,광주광역시,서구
795,광주광역시 서구 상무중앙로 46 (치평동) 1층062-375-3326,1,광주광역시,서구
796,광주광역시 서구 운천로 253 (치평동) 103호062-371-3264,1,광주광역시,서구
797,광주광역시 서구 풍암2로 8 (풍암동) 한아름빌딩062-674-3203,1,광주광역시,서구
798,광주광역시 서구 운천로 107 (쌍촌동)062-381-7905,1,광주광역시,서구
799,"광주광역시 서구 상무중앙로 90, 눈높이상무센터 1층 (치평동)062-372-8684",1,광주광역시,서구
800,"광주광역시 서구 하남대로 672-1, 1층 (동천동)062-514-3667",1,광주광역시,서구
801,광주광역시 서구 무진대로 932 번지 신세계 백화점 1층062-360-1137,1,광주광역시,서구
802,광주광역시 서구 상무중앙로 75 (치평동)062-385-8040,1,광주광역시,서구
803,"광주광역시 서구 상무자유로 173, 1층 (치평동)062-375-8381",1,광주광역시,서구
804,"광주광역시 서구 상무중앙로 7, 1층 (치평동)062-381-8393",1,광주광역시,서구
805,"광주광역시 서구 죽봉대로 61, 패션스트리트 B01호 (화정동)062-352-8437",1,광주광역시,서구
806,대구광역시 달서구 달구벌대로 1035 (신당동)053-584-3740,1,대구광역시,달서구
807,대구광역시 달서구 와룡로 169 053-552-3634,1,대구광역시,달서구
808,대구광역시 달서구 월곡로 225 (상인동)053-637-3568,1,대구광역시,달서구
809,대구광역시 달서구 달구벌대로 1710 (두류동)053-622-3607,1,대구광역시,달서구
810,대구광역시 달서구 월배로 315 (송현동)053-622-3542,1,대구광역시,달서구
811,대구광역시 달서구 월배로 91 (진천동)053-644-3317,1,대구광역시,달서구
812,대구광역시 달서구 상화로 314 (도원동)053-637-3256,1,대구광역시,달서구
813,대구광역시 달서구 조암로 41 (월성동)053-632-3360,1,대구광역시,달서구
814,대구광역시 달서구 계대동문로 108053-586-6798,1,대구광역시,달서구
815,대구광역시 달서구 화암로 379053-638-3255,1,대구광역시,달서구
816,대구광역시 달서구 달구벌대로 1393053-592-8990,1,대구광역시,달서구
817,대구광역시 달서구 와룡로 131 053-567-8932,1,대구광역시,달서구
818,대구광역시 달서구 월배로 210 (상인동)053-642-8936,1,대구광역시,달서구
819,대구광역시 달서구 달구벌대로 1798 (두류동)053-622-7851,1,대구광역시,달서구
820,대구광역시 달서구 월곡로 334 (상인동)053-638-9831,1,대구광역시,달서구
821,대구광역시 달서구 계대동문로 13 (신당동)053-583-8301,1,대구광역시,달서구
822,"대구광역시 달서구 이곡공원로 26, 이곡메디컬빌딩 (이곡동)053-583-8474",1,대구광역시,달서구
823,대구광역시 달서구 구마로 265 (성당동)053-624-8543,1,대구광역시,달서구
824,대구광역시 동구 동부로 149 신세계백화점 대구점 3층053-661-6344,1,대구광역시,동구
825,대구광역시 동구 동부로 149 신세계백화점 대구점 8층053-661-6887,1,대구광역시,동구
826,대구광역시 동구 동대구로 422 (신천동)053-756-3217,1,대구광역시,동구
827,대구광역시 동구 파계로 650053-986-8895,1,대구광역시,동구
828,대구광역시 동구 팔공로51길 15-11  (봉무동)053-986-7768,1,대구광역시,동구
829,대구광역시 동구 동부로30길 12 (신천동)053-742-8417,1,대구광역시,동구
830,대구광역시 동구 효동로2길 45 (효목동)053-939-8564,1,대구광역시,동구
831,"대구광역시 동구 안심로 389-2, 이마트 1층 (신서동)053-965-8389",1,대구광역시,동구
832,대구광역시 서구 서대구로 89 (평리1동)053-521-8996,1,대구광역시,서구
833,대구광역시 수성구 화랑로 112 (만촌동)053-744-3614,1,대구광역시,수성구
834,대구광역시 수성구 동대구로 305 (범어동)053-753-3652,1,대구광역시,수성구
835,대구광역시 수성구 용학로 56 (두산동)053-765-3327,1,대구광역시,수성구
836,대구광역시 수성구 명덕로 460 (수성동3가)053-768-3512,1,대구광역시,수성구
837,대구광역시 수성구 들안로 342 (수성동4가)053-755-3286,1,대구광역시,수성구
838,대구광역시 수성구 수성로 243 (중동)053-764-3435,1,대구광역시,수성구
839,대구광역시 수성구 청수로 51 (중동)053-762-3284,1,대구광역시,수성구
840,대구광역시 수성구 무학로 29(상동)053-768-1997,1,대구광역시,수성구
841,대구광역시 수성구 청수로 164 (지산동)053-767-3226,1,대구광역시,수성구
842,대구광역시 수성구 동대구로 401 (범어동) 삼성화재사옥053-752-8947,1,대구광역시,수성구
843,대구광역시 수성구 달구벌대로 3216 (신매동)053-795-7879,1,대구광역시,수성구
844,대구광역시 수성구 동대구로 376 (범어동)053-745-8673,1,대구광역시,수성구
845,"대구광역시 수성구 달구벌대로 2636, , 853-25번지 (만촌동)053-745-8619",1,대구광역시,수성구
846,"대구광역시 수성구 수성로 393, 수성하이츠 1층 (수성동4가)053-754-8662",1,대구광역시,수성구
847,"대구광역시 수성구 지범로 191, 동아백화점수성점 1,2 층 (범물동)053-782-1875",1,대구광역시,수성구
848,대구광역시 수성구 동대구로 95 (두산동)053-763-8411,1,대구광역시,수성구
849,대구광역시 수성구 수성못길 4 (두산동)053-761-8413,1,대구광역시,수성구
850,"대구광역시 수성구 달구벌대로 2435, 두산위브더제니스아파트 상가 1층 110호 (범어동)053-743-9536",1,대구광역시,수성구
851,대구광역시 중구 국채보상로 611 (문화동)053-423-3546,1,대구광역시,중구
852,대구광역시 중구 달구벌대로415길 1 (계산동2가)053-254-3410,1,대구광역시,중구
853,대구광역시 중구 국채보상로 582 (남일동)053-424-3326,1,대구광역시,중구
854,대구광역시 중구 국채보상로 642 (동인동2가)053-257-9810,1,대구광역시,중구
855,대구광역시 중구 남성로 61 (동성로3가)053-257-8616,1,대구광역시,중구
856,대구광역시 중구 달구벌대로 2085 (덕산동) 동아쇼핑053-254-1840,1,대구광역시,중구
857,대구광역시 중구 동성로 4 (동성로3가)053-427-8509,1,대구광역시,중구
858,대구광역시 중구 동성로5길 38 (삼덕동1가)053-256-8356,1,대구광역시,중구
859,대구광역시 중구 동성로5길 62 (삼덕동1가)053-421-8501,1,대구광역시,중구
860,대구광역시 북구 중앙대로 524 (칠성동2가)053-424-3435,1,대구광역시,북구
861,대구광역시 북구 유통단지로8길 78 106호 (산격동)053-381-3373,1,대구광역시,북구
862,대구광역시 북구 칠곡중앙대로 348 (태전동)053-312-3220,1,대구광역시,북구
863,대구광역시 북구 동천로 123053-326-8867,1,대구광역시,북구
864,대구광역시 북구 침산로 126 (침산동)053-352-8746,1,대구광역시,북구
865,대구광역시 북구 학정로 422 (구암동) 태을빌딩053-326-8649,1,대구광역시,북구
866,대구광역시 북구 대학로 75 (산격동)053-939-8502,1,대구광역시,북구
867,"대구광역시 달성군 유가면 테크노상업로 84 대경타워 105호, 106호, 107호053-611-3477",1,대구광역시,달성군
868,대구광역시 달성군 달구벌대로 861 (다사읍)053-586-8966,1,대구광역시,달성군
869,대전광역시 대덕구 한밭대로 1122 (중리동)042-626-3462,1,대전광역시,대덕구
870,대전광역시 대덕구 동서대로 1776 (비래동)042-621-9985,1,대전광역시,대덕구
871,대전광역시 대덕구 대덕대로 1544 (석봉동)042-933-3234,1,대전광역시,대덕구
872,"대전광역시 대덕구 송촌북로36번길 36, 1층 (송촌동)042-625-8671",1,대전광역시,대덕구
873,대전광역시 동구 옥천로 118 (판암동)042-283-3477,1,대전광역시,동구
874,"대전광역시 동구 동서대로 1689, 2층 (용전동)042-615-1461",1,대전광역시,동구
875,대전광역시 동구 동구청로 101 (가오동)042-285-7448,1,대전광역시,동구
876,대전광역시 동구 동서대로1695번길 4 (용전동)042-622-8578,1,대전광역시,동구
877,대전광역시 서구 한밭대로 755 (둔산동)042-482-3626,1,대전광역시,서구
878,대전광역시 서구 관저동로 170 (관저동)1층042-542-3634,1,대전광역시,서구
879,대전광역시 서구 문정로2번길 95 (탄방동)042-484-3593,1,대전광역시,서구
880,대전광역시 서구 복수남로 28 (복수동)042-583-3547,1,대전광역시,서구
881,대전광역시 서구 둔산남로 100 (탄방동)042-485-3466,1,대전광역시,서구
882,대전광역시 서구 대덕대로241번길 35 (둔산동)042-488-3291,1,대전광역시,서구
883,대전광역시 서구 둔산로123번길 43 (둔산동)042-471-3293,1,대전광역시,서구
884,대전광역시 서구 계백로 1128 (가수원동)042-542-3241,1,대전광역시,서구
885,대전광역시 서구 계룡로 692 (용문동)042-524-8926,1,대전광역시,서구
886,대전광역시 서구 관저로 142 (관저동)042-542-9824,1,대전광역시,서구
887,대전광역시 서구 대덕대로234번길 18 (둔산동)042-482-9811,1,대전광역시,서구
888,대전광역시 서구 동서대로 682 (도안동)042-826-1815,1,대전광역시,서구
889,대전광역시 서구 대덕대로 189 (둔산동)042-482-9791,1,대전광역시,서구
890,대전광역시 서구 만년로 81 (만년동)042-486-7836,1,대전광역시,서구
891,대전광역시 서구 둔산남로 50 (탄방동)042-488-6778,1,대전광역시,서구
892,대전광역시 서구 청사로123번길 25 (월평동)042-482-7598,1,대전광역시,서구
893,"대전광역시 서구 둔산로31번길 28, 금정빌딩 1층 (둔산동)042-487-8306",1,대전광역시,서구
894,"대전광역시 서구 문정로 78, 정우빌딩 1층 (탄방동)042-471-6284",1,대전광역시,서구
895,대전광역시 서구 둔산로 142 (둔산동)042-485-8251,1,대전광역시,서구
896,"대전광역시 서구 둔산중로134번길 13, 둔산관광호텔 (둔산동)042-489-8357",1,대전광역시,서구
897,대전광역시 서구 한밭대로 580 (월평동)042-471-9408,1,대전광역시,서구
898,대전광역시 유성구 도안대로 573 (봉명동)042-823-6343,1,대전광역시,유성구
899,대전광역시 유성구 유성대로 781 (장대동)042-823-3492,1,대전광역시,유성구
900,대전광역시 유성구 어은로 42 (어은동)042-864-3352,1,대전광역시,유성구
901,대전광역시 유성구 지족로 373 (지족동)042-826-7987,1,대전광역시,유성구
902,대전광역시 유성구 온천서로 2 (봉명동)042-824-8913,1,대전광역시,유성구
903,대전광역시 유성구 유성대로 1722 (전민동)042-861-8963,1,대전광역시,유성구
904,대전광역시 유성구 태크노중앙로 68042-934-9870,1,대전광역시,유성구
905,대전광역시 유성구 엑스포로 97번길 40042-867-8873,1,대전광역시,유성구
906,"대전광역시 유성구 은구비남로33번길 26, 1~2층 (지족동)042-826-9686",1,대전광역시,유성구
907,대전광역시 유성구 대학로 82 (궁동)042-824-8763,1,대전광역시,유성구
908,대전광역시 유성구 테크노4로 105 (관평동)042-931-8522,1,대전광역시,유성구
909,대전광역시 중구 계룡로 949 (대사동)042-223-3328,1,대전광역시,중구
910,대전광역시 중구 태평로 71 (태평동)042-524-3326,1,대전광역시,중구
911,대전광역시 중구 계백로 1604 (유천동)042-582-3213,1,대전광역시,중구
912,대전광역시 중구 대종로 486 (은행동)042-226-8735,1,대전광역시,중구
913,"대전광역시 중구 계백로 1700, 외 4필지 세이백화점 신관 (문화동)042-221-8596",1,대전광역시,중구
914,대전광역시 중구 중앙로 164 (은행동)042-253-5910,1,대전광역시,중구
915,"대전광역시 중구 계백로 1700, 5층 (문화동)042-252-8327",1,대전광역시,중구
916,부산광역시 금정구 중앙대로 1730 (부곡동)051-583-3497,1,부산광역시,금정구
917,부산광역시 금정구 식물원로 13 (장전동)051-583-3424,1,부산광역시,금정구
918,부산광역시 금정구 금샘로 459051-515-8906,1,부산광역시,금정구
919,부산광역시 금정구 부산대학로64번길 12 (장전동)051-514-9770,1,부산광역시,금정구
920,"부산광역시 금정구 장전로12번길 64, 1~4층 (장전동)051-583-8609",1,부산광역시,금정구
921,"부산광역시 금정구 금정로68번길 2, 건우빌딩 (장전동)051-517-1794",1,부산광역시,금정구
922,부산광역시 금정구 중앙대로1841번길 24 (구서동)051-514-8412,1,부산광역시,금정구
923,"부산광역시 남구 분포로 145 (용호동) 더블유스퀘어동 1019호,1020호,1021호,2011호 2012호051-611-3604",1,부산광역시,남구
924,부산광역시 남구 신선로 423 (용당동)051-611-4335,1,부산광역시,남구
925,부산광역시 남구 문현금융로 40 (문현동) 부산국제금융센터051-633-8916,1,부산광역시,남구
926,부산광역시 남구 수영로 345 대연힐스테이트 115동 121호051-623-7863,1,부산광역시,남구
927,"부산광역시 남구 수영로 240-1, 1층 (대연동)051-621-5676",1,부산광역시,남구
928,부산광역시 남구 수영로 312 (대연동)051-610-1898,1,부산광역시,남구
929,부산광역시 동구 조방로 4 (범일동)051-639-8839,1,부산광역시,동구
930,부산광역시 동구 중앙대로 216 (초량동)051-463-6511,1,부산광역시,동구
931,부산광역시 부산진구 중앙대로 672 (부전동) 1층 2층051-804-3768,1,부산광역시,부산진구
932,부산광역시 부산진구 서면로 49-1 (부전동)051-804-3601,1,부산광역시,부산진구
933,부산광역시 부산진구 동천로 92 (전포동) NC백화점 1층051-794-7401,1,부산광역시,부산진구
934,부산광역시 부산진구 중앙대로 894 (양정동)051-865-8975,1,부산광역시,부산진구
935,부산광역시 부산진구 가야대로 589 (가야제1동)051-892-4260,1,부산광역시,부산진구
936,부산광역시 부산진구 가야대로 462 (개금동)051-897-7852,1,부산광역시,부산진구
937,부산광역시 부산진구 전포대로199번길 27 (전포동)051-809-6828,1,부산광역시,부산진구
938,"부산광역시 부산진구 중앙대로 701, 1~3층 (부전동)051-806-8677",1,부산광역시,부산진구
939,부산광역시 부산진구 서전로 19 (부전동)051-807-8723,1,부산광역시,부산진구
940,부산광역시 부산진구 중앙대로692번길 46-10 (부전동)051-817-8638,1,부산광역시,부산진구
941,부산광역시 부산진구 서전로 1 (부전동)051-805-8307,1,부산광역시,부산진구
942,"부산광역시 부산진구 중앙대로 777, 서면호텔 복합시설1,2층 (부전동)051-930-1705",1,부산광역시,부산진구
943,부산광역시 부산진구 중앙대로666번길 50 (부전동)051-807-8423,1,부산광역시,부산진구
944,"부산광역시 부산진구 가야대로 783-1, 1층 (부전동)051-806-8568",1,부산광역시,부산진구
945,부산광역시 부산진구 서면로 25 (부전동)051-803-8554,1,부산광역시,부산진구
946,부산광역시 부산진구 서면로68번길 1 (부전동)051-805-8367,1,부산광역시,부산진구
947,부산광역시 부산진구 시민공원로 31 (부암동)051-803-8427,1,부산광역시,부산진구
948,부산광역시 북구 만덕대로 30 (덕천동)051-341-6701,1,부산광역시,북구
949,부산광역시 북구 금곡대로285번길 5 (화명동)051-363-8639,1,부산광역시,북구
950,부산광역시 사상구 백양대로 520 (주례동)051-311-3634,1,부산광역시,사상구
951,부산광역시 사상구 가야대로 338 (주례동)051-315-3422,1,부산광역시,사상구
952,부산광역시 사상구 사상로 211 (괘법동)051-315-8410,1,부산광역시,사상구
953,부산광역시 사하구 다대로 714 (다대동)051-261-3610,1,부산광역시,사하구
954,부산광역시 사하구 낙동대로 455 (하단동)051-204-3631,1,부산광역시,사하구
955,부산광역시 사하구 다대로 493 (다대동)051-264-3432,1,부산광역시,사하구
956,부산광역시 사하구 하신번영로 381-6 (하단동)051-201-3262,1,부산광역시,사하구
957,부산광역시 사하구 낙동대로550번길 14 (하단동) 1~3층051-292-9820,1,부산광역시,사하구
958,부산광역시 사하구 사하로186번길 6 (괴정동)051-291-8563,1,부산광역시,사하구
959,부산광역시 사하구 낙동남로 1411 (하단동)051-291-8491,1,부산광역시,사하구
960,부산광역시 연제구 중앙대로 1125 (연산동)051-851-3474,1,부산광역시,연제구
961,부산광역시 연제구 명륜로 3 (거제제1동) 한양프라자051-504-3226,1,부산광역시,연제구
962,부산광역시 연제구 반송로 20 (연산동)051-867-9789,1,부산광역시,연제구
963,부산광역시 연제구 중앙대로 1091 (연산동)051-867-9804,1,부산광역시,연제구
964,부산광역시 연제구 교대로 20-2 (거제동)051-507-8722,1,부산광역시,연제구
965,부산광역시 중구 구덕로 54-1 (남포동5가)051-243-3405,1,부산광역시,중구
966,부산광역시 중구 대청로 80 (대청동3가)051-254-3476,1,부산광역시,중구
967,부산광역시 중구 중앙대로81번길 2 (중앙동4가)051-468-9807,1,부산광역시,중구
968,부산광역시 중구 비프광장로 25 (남포동3가)051-231-1966,1,부산광역시,중구
969,"부산광역시 중구 구덕로 4, 1~2층 (광복동1가)051-256-8381",1,부산광역시,중구
970,부산광역시 중구 광복중앙로 28-1 (대청동2가)051-243-8473,1,부산광역시,중구
971,부산광역시 기장군 기장읍 기장해안로 56 051-723-3279,1,부산광역시,기장군
972,부산광역시 기장군 정관읍 정관로 579 051-728-2663,1,부산광역시,기장군
973,부산광역시 기장군 정관로 1133 (175호)051-940-1175,1,부산광역시,기장군
974,부산광역시 수영구 민락수변로 29 (민락동)051-758-3591,1,부산광역시,수영구
975,부산광역시 수영구 수영로 671 (광안동)051-756-3410,1,부산광역시,수영구
976,부산광역시 수영구 수영로464번길 6 (남천동)051-623-3406,1,부산광역시,수영구
977,부산광역시 수영구 광안로62번길 39 (광안동)051-761-3307,1,부산광역시,수영구
978,부산광역시 수영구 과정로 68 (망미동)051-757-2209,1,부산광역시,수영구
979,부산광역시 수영구 광안해변로 247 (민락동)051-761-1844,1,부산광역시,수영구
980,부산광역시 수영구 남천바다로 38 (남천동)051-621-9234,1,부산광역시,수영구
981,부산광역시 강서구 명지국제5로 42 (명지동)051-271-3585,1,부산광역시,강서구
982,부산광역시 강서구 명지오션시티11로 66 (명지동)051-271-8465,1,부산광역시,강서구
983,부산광역시 동래구 충렬대로181번길 42 051-558-3605,1,부산광역시,동래구
984,부산광역시 동래구 동래로 25 051-555-3421,1,부산광역시,동래구
985,부산광역시 동래구 사직북로 4 (사직동)051-501-3351,1,부산광역시,동래구
986,부산광역시 동래구 충렬대로 446 (안락동)051-532-8929,1,부산광역시,동래구
987,부산광역시 동래구 충렬대로 101 (온천동)051-558-8845,1,부산광역시,동래구
988,부산광역시 동래구 사직북로 24 (사직동)051-505-8520,1,부산광역시,동래구
989,"부산광역시 동래구 중앙대로 1523, SK허브스카이위아아파트 1층 (온천동)051-557-9557",1,부산광역시,동래구
990,부산광역시 서구 구덕로 212 (부민동1가)051-244-7837,1,부산광역시,서구
991,부산광역시 서구 송도해변로 81 (암남동)051-231-8623,1,부산광역시,서구
992,부산광역시 서구 구덕로322번길 7 (동대신동3가)051-231-8579,1,부산광역시,서구
993,"부산광역시 해운대구 해운대해변로 197 (우동, 해운대경동제이드아파트)051-746-3622",1,부산광역시,해운대구
994,부산광역시 해운대구 수영강변대로 516 (반여동)051-528-3493,1,부산광역시,해운대구
995,"부산광역시 해운대구 센텀중앙로 145 (재송동, 더샵센텀파크1차아파트)051-744-3572",1,부산광역시,해운대구
996,부산광역시 해운대구 구남로 9 (우동)051-746-3538,1,부산광역시,해운대구
997,부산광역시 해운대구 해운대로 189 (재송동)051-784-3268,1,부산광역시,해운대구
998,부산광역시 해운대구 구남로 49 (중동) 101호051-743-3244,1,부산광역시,해운대구
999,부산광역시 해운대구 센텀4로 15 (우동)[*미고시]051-745-2838,1,부산광역시,해운대구
1000,부산광역시 해운대구 센텀2로 10 (우동) 센텀메디컬센타 1층 스타벅스 센텀로점051-742-6948,1,부산광역시,해운대구
1001,부산광역시 해운대구 센텀남대로 35 (우동) 센텀시티 신세계UEC051-745-1262,1,부산광역시,해운대구
1002,부산광역시 해운대구 달맞이길 57 (중동) 1~3층051-742-7802,1,부산광역시,해운대구
1003,부산광역시 해운대구 센텀중앙로 78 (우동)051-744-5741,1,부산광역시,해운대구
1004,부산광역시 해운대구 송정해변로 36 (송정동)051-702-9644,1,부산광역시,해운대구
1005,부산광역시 해운대구 해운대로 802 (좌동)051-702-6935,1,부산광역시,해운대구
1006,"부산광역시 해운대구 해운대해변로 257, 엘지하버타운 (우동)051-740-6595",1,부산광역시,해운대구
1007,"부산광역시 해운대구 APEC로 55, 벡스코내 (우동)051-742-2075",1,부산광역시,해운대구
1008,부산광역시 해운대구 해운대해변로 163 (우동)051-742-1655,1,부산광역시,해운대구
1009,"부산광역시 해운대구 해운대해변로298번길 24, 팔래드시즈 1-3호, 2-3호 (중동)051-743-2558",1,부산광역시,해운대구
1010,부산광역시 해운대구 좌동로 96 (좌동)051-704-6279,1,부산광역시,해운대구
1011,"부산광역시 해운대구 센텀동로 9, 트럼프월드센텀아파트 1층 (우동)051-744-8526",1,부산광역시,해운대구
1012,"부산광역시 해운대구 마린시티2로 33, 제니스스퀘어 (우동)051-744-8489",1,부산광역시,해운대구
1013,부산광역시 해운대구 마린시티2로 38 (우동)051-792-7153,1,부산광역시,해운대구
1014,"부산광역시 해운대구 센텀남대로 35, 신세계백화점 UEC 6F (우동)051-745-1856",1,부산광역시,해운대구
1015,부산광역시 해운대구 달맞이길 189 (중동)051-744-6754,1,부산광역시,해운대구
1016,"부산광역시 해운대구 좌동순환로 511, 해운대이마트 1층 (중동)051-744-7496",1,부산광역시,해운대구
1017,"부산광역시 해운대구 센텀2로 25, 센텀드림월드 1층 (우동)051-744-8488",1,부산광역시,해운대구
1018,부산광역시 해운대구 센텀서로 30 (우동)051-664-8787,1,부산광역시,해운대구
1019,"부산광역시 해운대구 센텀동로 25, 1층 (우동)051-744-7431",1,부산광역시,해운대구
1020,울산광역시 남구 대공원입구로 4 (옥동)052-258-3665,1,울산광역시,남구
1021,울산광역시 남구 대암로129번길 9-6 (야음동)052-269-8651,1,울산광역시,남구
1022,울산광역시 남구 중앙로 182 (달동)052-273-3312,1,울산광역시,남구
1023,울산광역시 남구 번영로 215 (신정동)052-256-3207,1,울산광역시,남구
1024,울산광역시 남구 돋질로 310 (삼산동)052-266-3208,1,울산광역시,남구
1025,울산광역시 남구 문수로 329 (옥동)052-227-7982,1,울산광역시,남구
1026,울산광역시 남구 삼산로 231 (달동)052-274-3243,1,울산광역시,남구
1027,울산광역시 남구 삼산로 273 (삼산동) 삼산타워052-276-6988,1,울산광역시,남구
1028,울산광역시 남구 삼산로 278 번길 8 (삼산동)052-268-9878,1,울산광역시,남구
1029,울산광역시 남구 대학로84번길 5-3 (무거동)052-225-8829,1,울산광역시,남구
1030,"울산광역시 남구 삼산중로74번길 30-1, 1~2층 (삼산동)052-256-4702",1,울산광역시,남구
1031,울산광역시 남구 대학로 152 (무거동)052-277-8742,1,울산광역시,남구
1032,"울산광역시 남구 삼산로 257, 1층 (달동)052-256-9380",1,울산광역시,남구
1033,울산광역시 북구 산업로 1011 (연암동)052-289-3503,1,울산광역시,북구
1034,울산광역시 북구 진장17길 10 (진장동)052-916-0154,1,울산광역시,북구
1035,울산광역시 북구 동해안로 1601 (산하동)052-297-3306,1,울산광역시,북구
1036,울산광역시 북구 화봉로 75 (화봉동)052-289-8729,1,울산광역시,북구
1037,울산광역시 울주군 서생면 대송리 25-18052-238-5947,1,울산광역시,울주군
1038,울산광역시 중구 번영로 434 (복산동)052-292-3570,1,울산광역시,중구
1039,울산광역시 중구 성안12길 45 (성안동)052-212-3259,1,울산광역시,중구
1040,울산광역시 중구 젊음의2거리 33 (성남동)052-212-3346,1,울산광역시,중구
1041,울산광역시 중구 젊음의거리 74 (성남동)052-248-1984,1,울산광역시,중구
1042,"울산광역시 중구 신기길 103, (1층,2층 전체) (태화동)052-248-6589",1,울산광역시,중구
1043,울산광역시 동구 방어진순환도로 899 (서부동) 현대백화점주차장052-250-4168,1,울산광역시,동구
1044,울산광역시 동구 방어진순환도로 652 (일산동)052-233-8419,1,울산광역시,동구
1045,인천광역시 계양구 장제로 808 (계산동)032-552-8869,1,인천광역시,계양구
1046,"인천광역시 계양구 계양대로 37, 1층 (작전동)032-544-8599",1,인천광역시,계양구
1047,인천광역시 미추홀구 매소홀로 368 (학익동)032-872-3506,1,인천광역시,미추홀구
1048,인천광역시 미추홀구 아암대로 107 (용현동)032-885-3211,1,인천광역시,미추홀구
1049,"인천광역시 미추홀구 주안로 100, 1-2층 (주안동)032-424-8322",1,인천광역시,미추홀구
1050,인천광역시 미추홀구 인하로 59 (용현동)032-868-8422,1,인천광역시,미추홀구
1051,"인천광역시 동구 봉수대로 82, 이마트 트레이더스송림점1층 (송림동)032-582-8630",1,인천광역시,동구
1052,인천광역시 부평구 장제로 371 (갈산동)032-528-8917,1,인천광역시,부평구
1053,인천광역시 부평구 길주로 643 (삼산동)032-517-8812,1,인천광역시,부평구
1054,"인천광역시 부평구 부평문화로 52, 1~2층 (부평동)032-528-8680",1,인천광역시,부평구
1055,"인천광역시 부평구 부평대로 60, 현대해상화재보험 1층 (부평동)032-330-9755",1,인천광역시,부평구
1056,인천광역시 부평구 경원대로 1397 (부평동)032-514-1823,1,인천광역시,부평구
1057,"인천광역시 부평구 시장로 21, 1-3층 (부평동)032-504-8309",1,인천광역시,부평구
1058,"인천광역시 부평구 동암광장로 14, 1~2층 (십정동)032-429-8376",1,인천광역시,부평구
1059,"인천광역시 부평구 경원대로 1377, 1-4층 (부평동)032-502-8352",1,인천광역시,부평구
1060,인천광역시 부평구 부평대로 233 (청천동)032-508-8463,1,인천광역시,부평구
1061,인천광역시 연수구 청능대로 210 (동춘동)032-456-4488,1,인천광역시,연수구
1062,인천광역시 연수구 앵고개로 171 (동춘동)032-812-3607,1,인천광역시,연수구
1063,"인천광역시 연수구 컨벤시아대로 55 (송도동, 송도이안)032-833-3734",1,인천광역시,연수구
1064,인천광역시 연수구 송도과학로16번길 33-1 (송도동)032-310-9370,1,인천광역시,연수구
1065,인천광역시 연수구 하모니로 136 (송도동)032-833-3227,1,인천광역시,연수구
1066,"인천광역시 연수구 용담로 115 (연수동) 105,106,203호032-818-3307",1,인천광역시,연수구
1067,인천광역시 연수구 송도과학로27번길 55 (송도동) 롯데캠퍼스타운032-814-3229,1,인천광역시,연수구
1068,인천광역시 연수구 아트센터대로 131 (송도동)032-858-9687,1,인천광역시,연수구
1069,인천광역시 연수구 센트럴로 194 (송도동)032-834-8633,1,인천광역시,연수구
1070,인천광역시 연수구 경원대로 184 (동춘동)032-814-8328,1,인천광역시,연수구
1071,인천광역시 서구 완정로 172 (마전동)032-562-3660,1,인천광역시,서구
1072,"인천광역시 서구 청라커낼로 300 (청라동, 청라센트럴에일린의뜰)032-566-3728",1,인천광역시,서구
1073,인천광역시 서구 원당대로 668 (당하동)032-566-7984,1,인천광역시,서구
1074,인천광역시 서구 중봉대로 612번길 10-17032-565-8967,1,인천광역시,서구
1075,인천광역시 서구 서곶로 277 (심곡동)032-563-6785,1,인천광역시,서구
1076,인천광역시 서구 중봉대로 586번길 19032-566-2707,1,인천광역시,서구
1077,인천광역시 남동구 인하로 556 (구월동)032-469-3513,1,인천광역시,남동구
1078,인천광역시 남동구 예술로 126 (구월동)032-441-3303,1,인천광역시,남동구
1079,"인천광역시 남동구 서창남로 51 (서창동) 101,102,103호032-464-3301",1,인천광역시,남동구
1080,인천광역시 남동구 경원대로 974 (간석동)032-422-3228,1,인천광역시,남동구
1081,인천광역시 남동구 예술로 174 (구월동) 흥국생명032-438-8749,1,인천광역시,남동구
1082,"인천광역시 남동구 인하로 497-22, 2층 (구월동)032-428-9246",1,인천광역시,남동구
1083,"인천광역시 남동구 남동대로 773, , 14 삼성화재 인천사옥 (구월동)032-438-7283",1,인천광역시,남동구
1084,인천광역시 남동구 예술로 138 (구월동)032-455-1150,1,인천광역시,남동구
1085,"인천광역시 남동구 논고개로 93, 111,112, 206, 207호 (논현동)032-423-8533",1,인천광역시,남동구
1086,인천광역시 중구 하늘중앙로195번길 15 (중산동)032-746-3718,1,인천광역시,중구
1087,인천광역시 중구 공항로 272 (운서동)032-743-8261,1,인천광역시,중구
1088,인천광역시 중구 공항로 272 (운서동) 제2여객터미널 3층 탑승지역 25-235032-743-8264,1,인천광역시,중구
1089,인천광역시 중구 공항로 272 (운서동) 제2여객터미널 1층 환영홀지역 23-202032-743-8263,1,인천광역시,중구
1090,인천광역시 중구 신도시남로142번길 17 (운서동)032-752-3414,1,인천광역시,중구
1091,인천광역시 중구 공항로 272 (운서동) 인천국제공항여객터미널 FB-P5-73032-743-0048,1,인천광역시,중구
1092,인천광역시 중구 공항로 272 (운서동) 인천공항032-743-8257,1,인천광역시,중구
1093,강원도 동해시 중앙로 219 (천곡동)033-532-3314,1,강원도,동해시
1094,강원도 속초시 미시령로2983번길 111 (장사동)033-637-3402,1,강원도,속초시
1095,강원도 속초시 동해대로 4114 (조양동)033-633-7989,1,강원도,속초시
1096,강원도 속초시 중앙로 123 (금호동)033-637-8617,1,강원도,속초시
1097,강원도 춘천시 후석로 318 (후평동)033-257-3287,1,강원도,춘천시
1098,강원도 춘천시 후석로 13 (석사동)033-262-2634,1,강원도,춘천시
1099,강원도 춘천시 중앙로 57 (중앙로2가)033-242-8266,1,강원도,춘천시
1100,강원도 춘천시 경춘로 2353 (온의동) E-마트 춘천점내 1층033-241-1974,1,강원도,춘천시
1101,강원도 춘천시 서부대성로 243-1 (효자동)033-256-8490,1,강원도,춘천시
1102,강원도 홍천군 한치골길 262 (서면) 대명비발디파크 오션월드033-435-9804,1,강원도,홍천군
1103,강원도 홍천군 한치골길 262 (서면) 대명비발디파크033-434-1025,1,강원도,홍천군
1104,강원도 홍천군 한치골길 262 (서면) 대명비발디파크 오션월드033-434-9805,1,강원도,홍천군
1105,강원도 강릉시 교동광장로 114 (교동)033-642-3463,1,강원도,강릉시
1106,강원도 강릉시 경강로 2096 (임당동)033-645-7835,1,강원도,강릉시
1107,강원도 강릉시 창해로14번길 40 (견소동)033-653-8628,1,강원도,강릉시
1108,강원도 고성군 토성면 미시령옛길 1153033-636-8697,1,강원도,고성군
1109,강원도 원주시 동부순환로 37 (반곡동)033-762-3664,1,강원도,원주시
1110,강원도 원주시 남원로 588 (명륜동)033-764-2760,1,강원도,원주시
1111,강원도 원주시 능라동길 73 (무실동)033-745-3448,1,강원도,원주시
1112,강원도 원주시 혁신로 61 (반곡동)033-747-3341,1,강원도,원주시
1113,"강원도 원주시 서원대로 402, 대신프라자 101,102,103호 (단구동)033-766-8611",1,강원도,원주시
1114,강원도 원주시 서원대로 178 (단계동)033-748-7545,1,강원도,원주시
1115,경상남도 김해시 김해대로 1918 (구산동)055-332-3585,1,경상남도,김해시
1116,경상남도 김해시 전하로304번길 24 (외동) 신세계백화점 1층055-272-1142,1,경상남도,김해시
1117,경상남도 김해시 전하로304번길 24 (외동) 김해 이마트 1층055-327-3303,1,경상남도,김해시
1118,경상남도 김해시 인제로 168 (어방동)055-337-4885,1,경상남도,김해시
1119,경상남도 김해시 김해대로 (삼정동)055-338-9826,1,경상남도,김해시
1120,경상남도 김해시 분성로 146 (외동)055-326-8772,1,경상남도,김해시
1121,경상남도 김해시 율하3로91번길 30-5055-323-3704,1,경상남도,김해시
1122,경상남도 김해시 가야로 182 (삼계동)055-312-8561,1,경상남도,김해시
1123,경상남도 김해시 경원로 67 (내동)055-338-7421,1,경상남도,김해시
1124,경상남도 사천시 사천읍 사천대로 1846055-854-3711,1,경상남도,사천시
1125,경상남도 사천시 주공로 31 (벌리동)055-832-8782,1,경상남도,사천시
1126,경상남도 진주시 진양호로 206 BYC빌딩1층055-741-3216,1,경상남도,진주시
1127,경상남도 진주시 진주대로829번길 2 (주약동)055-761-8976,1,경상남도,진주시
1128,경상남도 진주시 동진로 34 (칠암동)055-761-8781,1,경상남도,진주시
1129,경상남도 진주시 진양호로527번길 3 (중안동)055-747-8717,1,경상남도,진주시
1130,경상남도 진주시 진양호로 353 (신안동)055-748-7642,1,경상남도,진주시
1131,경상남도 진주시 진주대로 510 (가좌동)055-753-8285,1,경상남도,진주시
1132,경상남도 창원시 성산구 상남로 88 (상남동)055-262-3775,1,경상남도,창원시
1133,경상남도 창원시 마산회원구 3·15대로 715 (석전동)055-297-3558,1,경상남도,창원시
1134,경상남도 창원시 마산합포구 해안대로 383 (오동동)055-247-3540,1,경상남도,창원시
1135,경상남도 창원시 진해구 진해대로 962 (자은동)055-552-3501,1,경상남도,창원시
1136,경상남도 창원시 의창구 의창대로 68 (팔용동)055-296-3458,1,경상남도,창원시
1137,경상남도 창원시 마산회원구 내서읍 호원로 315 055-232-3494,1,경상남도,창원시
1138,경상남도 창원시 성산구 삼귀로 159 (귀곡동)055-261-3445,1,경상남도,창원시
1139,경상남도 창원시 마산회원구 팔용로 158 (합성동)055-253-3285,1,경상남도,창원시
1140,경상남도 창원시 마산회원구 합성남로 6-1 (합성동)055-295-7880,1,경상남도,창원시
1141,경상남도 창원시 성산구 단정로 25055-264-7864,1,경상남도,창원시
1142,경상남도 창원시 진해구 안골로 336 (용원동) 형제빌딩055-552-8725,1,경상남도,창원시
1143,경상남도 창원시 의창구 팔용로 419 (팔용동)055-292-8718,1,경상남도,창원시
1144,"경상남도 창원시 성산구 중앙대로100번길 9, 리베라컨벤션 (상남동)055-264-7627",1,경상남도,창원시
1145,"경상남도 창원시 성산구 마디미로 20, 유탑프라자 (상남동)055-289-8620",1,경상남도,창원시
1146,경상남도 창원시 성산구 상남로 132 (상남동)055-263-8226,1,경상남도,창원시
1147,경상남도 창원시 마산합포구 합포로 251 (산호동) 신세계백화점 내 지하1층055-240-1828,1,경상남도,창원시
1148,경상남도 창원시 의창구 원이대로 320 (대원동) 더시티세븐 시티세븐055-600-5348,1,경상남도,창원시
1149,경상남도 창원시 마산합포구 월영남로 3 (해운동)055-246-8549,1,경상남도,창원시
1150,경상남도 창원시 의창구 용지로169번길 1 (용호동)055-289-8457,1,경상남도,창원시
1151,경상남도 통영시 광도면 죽림4로 9055-646-8458,1,경상남도,통영시
1152,경상남도 거제시 거제중앙로 1936 (고현동)055-632-3589,1,경상남도,거제시
1153,"경상남도 거제시 일운면 거제대로 2660, 거제대명리조트 1층055-733-7335",1,경상남도,거제시
1154,경상남도 거제시 옥포대첩로 38 (옥포동)055-687-8308,1,경상남도,거제시
1155,경상남도 거제시 장평로 12 (장평동)055-680-0160,1,경상남도,거제시
1156,경상남도 양산시 동면 양산대로 532 055-387-3582,1,경상남도,양산시
1157,경상남도 양산시 물금읍 증산역로 177 055-911-5367,1,경상남도,양산시
1158,경상남도 양산시 물금읍 야리로 25 055-381-3473,1,경상남도,양산시
1159,경상남도 양산시 웅상대로 860 (덕계동)055-382-3386,1,경상남도,양산시
1160,경상남도 양산시 양산역1길 7 (중부동) 양산시외버스터미널055-383-9891,1,경상남도,양산시
1161,경상남도 양산시 물금읍 범어로 62055-381-8701,1,경상남도,양산시
1162,"경상남도 양산시 양산역6길 12, 양산이마트 1층 (중부동)055-367-8390",1,경상남도,양산시
1163,경상북도 경산시 경안로 222 (중방동)053-814-3316,1,경상북도,경산시
1164,경상북도 경산시 대학로 280 (대동) 영남대학교053-814-8806,1,경상북도,경산시
1165,경상북도 경산시 대학로 280 (조영동) 영남대학교053-811-8780,1,경상북도,경산시
1166,"경상북도 경산시 청운로 16, 1~3층 (대동)053-811-8675",1,경상북도,경산시
1167,경상북도 경산시 하양읍 하양로 18053-854-8650,1,경상북도,경산시
1168,경상북도 경산시 옥산로 227 (중산동) 경산이마트053-813-1970,1,경상북도,경산시
1169,경상북도 경주시 보문로 537 (천군동)054-771-3412,1,경상북도,경주시
1170,경상북도 경주시 태종로 686 (사정동)054-743-3220,1,경상북도,경주시
1171,경상북도 경주시 황성로1번길 4 (황성동)054-741-8945,1,경상북도,경주시
1172,경상북도 경주시 첨성로 125 (황남동)054-773-8774,1,경상북도,경주시
1173,경상북도 경주시 보문로 132-6 (북군동)054-741-0040,1,경상북도,경주시
1174,경상북도 경주시 원효로 105-1 (노동동)054-749-8577,1,경상북도,경주시
1175,"경상북도 경주시 보문로 510-6, 외 1번지(신평동 719-220) (천군동)054-745-8527",1,경상북도,경주시
1176,경상북도 구미시 금오대로 439 (상모동)054-462-3613,1,경상북도,구미시
1177,경상북도 구미시 야은로 312 (도량동)054-452-3541,1,경상북도,구미시
1178,경상북도 구미시 옥계북로 20 (양포동)054-476-4233,1,경상북도,구미시
1179,경상북도 구미시 송정대로 27 (송정동)054-451-8951,1,경상북도,구미시
1180,경상북도 구미시 인동중앙로 15 (인의동)054-476-8796,1,경상북도,구미시
1181,경상북도 구미시 금오산로 205 (남통동)054-454-8681,1,경상북도,구미시
1182,경상북도 구미시 구미중앙로 94 (원평동)054-454-5430,1,경상북도,구미시
1183,"경상북도 구미시 인동가산로 9-3, 노블레스타워 1층 (황상동)054-474-8260",1,경상북도,구미시
1184,"경상북도 구미시 1공단로 212, HALLA SIGMA VALLEY 106 (공단동)054-461-7440",1,경상북도,구미시
1185,경상북도 포항시 남구 중흥로 122 (상도동)054-284-3436,1,경상북도,포항시
1186,경상북도 포항시 남구 오천읍 원동로 15054-293-8974,1,경상북도,포항시
1187,경상북도 포항시 남구 포스코대로 340 (대도동)054-275-7937,1,경상북도,포항시
1188,경상북도 포항시 남구 포스코대로 124 (대잠동)054-275-9853,1,경상북도,포항시
1189,"경상북도 포항시 남구 냉천로 10, 이마트 포항점 1층 (인덕동)054-275-8613",1,경상북도,포항시
1190,경상북도 포항시 남구 중흥로 77 (상도동) 밸류플러스복합빌딩054-272-0671,1,경상북도,포항시
1191,경상북도 포항시 남구 시청로 5 (대잠동)054-272-9737,1,경상북도,포항시
1192,경상북도 문경시 새재로 906 (문경읍)054-571-5760,1,경상북도,문경시
1193,경상북도 김천시 혁신3로 26 (율곡동)054-435-3341,1,경상북도,김천시
1194,경상북도 김천시 시청로 47 (대신동)054-431-2215,1,경상북도,김천시
1195,경상북도 안동시 서동문로 173 (삼산동)054-854-8907,1,경상북도,안동시
1196,경상북도 안동시 경북대로 379 (옥동)054-857-9821,1,경상북도,안동시
1197,경상북도 포항시 북구 새천년대로 1255 (장성동)054-241-3349,1,경상북도,포항시
1198,경상북도 포항시 북구 장량로 162 (양덕동)054-253-9890,1,경상북도,포항시
1199,경상북도 포항시 북구 불종로 41 (신흥동)054-252-8744,1,경상북도,포항시
1200,경상북도 포항시 북구 삼호로 186 (항구동)054-232-8366,1,경상북도,포항시
1201,전라남도 광양시 중마중앙로 143 061-795-3295,1,전라남도,광양시
1202,전라남도 목포시 영산로 495061-273-3718,1,전라남도,목포시
1203,전라남도 목포시 백년대로 293 (상동)061-285-3408,1,전라남도,목포시
1204,전라남도 목포시 고하대로 694 (산정동)061-274-3201,1,전라남도,목포시
1205,전라남도 목포시 백년대로375번길 1 (옥암동)061-287-8784,1,전라남도,목포시
1206,전라남도 목포시 미항로 137 (상동)061-283-9636,1,전라남도,목포시
1207,전라남도 무안군 남악3로82번길 11061-283-8841,1,전라남도,무안군
1208,전라남도 순천시 연향번영길 118 (연향동)061-722-3393,1,전라남도,순천시
1209,전라남도 순천시 해룡면 향매로 97 061-723-3558,1,전라남도,순천시
1210,전라남도 순천시 왕지2길 17 (왕지동)061-723-3371,1,전라남도,순천시
1211,전라남도 순천시 비봉2길 9 (조례동)061-727-8404,1,전라남도,순천시
1212,전라남도 여수시 이순신 광장로 192061-662-3677,1,전라남도,여수시
1213,전라남도 여수시 예울마루로 37-53 (웅천동)061-683-3510,1,전라남도,여수시
1214,전라남도 여수시 좌수영로 482 (둔덕동)061-653-3261,1,전라남도,여수시
1215,전라남도 여수시 여문1로 49 (여서동)061-654-8727,1,전라남도,여수시
1216,전라남도 여수시 망마로 39 (학동)061-686-8452,1,전라남도,여수시
1217,전라남도 나주시 상야1길 21 (빛가람동)061-336-3276,1,전라남도,나주시
1218,전라북도 익산시 선화로 106 (모현동1가)063-837-3670,1,전라북도,익산시
1219,전라북도 익산시 무왕로 1005 (영등동)063-851-3341,1,전라북도,익산시
1220,전라북도 익산시 무왕로 1052 (영등동)063-836-7481,1,전라북도,익산시
1221,전라북도 전주시 송천중앙로 228063-278-3578,1,전라북도,전주시
1222,전라북도 전주시 덕진구 기지로 68 (중동)063-224-3577,1,전라북도,전주시
1223,전라북도 전주시 덕진구 기린대로 491 (덕진동1가)063-271-3481,1,전라북도,전주시
1224,전라북도 전주시 덕진구 명륜4길 12 (덕진동1가)063-251-8511,1,전라북도,전주시
1225,전라북도 전주시 완산구 모악로 4696 (평화동2가)063-226-3580,1,전라북도,전주시
1226,전라북도 전주시 완산구 백제대로 242 (중화산동2가)063-237-3457,1,전라북도,전주시
1227,전라북도 전주시 완산구 용머리로 7 (효자동1가)063-224-8973,1,전라북도,전주시
1228,전라북도 전주시 완산구 서신로 104 (서신동)063-252-8990,1,전라북도,전주시
1229,전라북도 전주시 완산구 유연로 288 (중화산동2가)063-226-6939,1,전라북도,전주시
1230,전라북도 전주시 완산구 홍산로 238 (효자동2가)063-236-8897,1,전라북도,전주시
1231,전라북도 전주시 완산구 팔달로 123 (전동)063-282-9882,1,전라북도,전주시
1232,전라북도 전주시 완산구 홍산중앙로 22 (효자동3가)063-228-8750,1,전라북도,전주시
1233,전라북도 전주시 완산구 전주객사4길 44-18 (고사동)063-287-8462,1,전라북도,전주시
1234,전라북도 정읍시 충정로 271 (수성동)063-532-3324,1,전라북도,정읍시
1235,전라북도 군산시 수송로 195 (수송동)063-468-9454,1,전라북도,군산시
1236,전라북도 군산시 황룡로 7 (미룡동)063-467-8540,1,전라북도,군산시
1237,충청남도 공주시 반포면 동학사1로 114 042-822-3623,1,충청남도,공주시
1238,충청남도 공주시 번영1로 113 (신관동)041-881-8736,1,충청남도,공주시
1239,충청남도 논산시 중앙로398번길 13-10041-734-8961,1,충청남도,논산시
1240,충청남도 서산시 나무장1길 22 (예천동)041-668-3517,1,충청남도,서산시
1241,"충청남도 서산시 호수공원2로 33, 1~2층 (읍내동)041-664-9685",1,충청남도,서산시
1242,충청남도 천안시 동남구 만남로 43 (신부동)041-569-3717,1,충청남도,천안시
1243,충청남도 천안시 동남구 청수14로 102 (청당동)041-556-3495,1,충청남도,천안시
1244,충청남도 천안시 동남구 안서3길 3 (안서동)041-523-3423,1,충청남도,천안시
1245,충청남도 천안시 동남구 신부15길 3 (신부동)041-552-3242,1,충청남도,천안시
1246,충청남도 천안시 동남구 만남로 9 (신안동)041-553-3720,1,충청남도,천안시
1247,충청남도 천안시 서북구 삼성대로 20 (백석동)041-566-3828,1,충청남도,천안시
1248,충청남도 천안시 서북구 불당34길 2 (불당동)041-523-3657,1,충청남도,천안시
1249,충청남도 천안시 서북구 서부대로 405 (쌍용동)041-576-3647,1,충청남도,천안시
1250,충청남도 천안시 서북구 불당22대로 67 (불당동)041-561-3572,1,충청남도,천안시
1251,충청남도 천안시 서북구 충무로 133 (쌍용동)041-575-3472,1,충청남도,천안시
1252,충청남도 천안시 서북구 불당33길 24 (불당동)041-569-3390,1,충청남도,천안시
1253,충청남도 천안시 서북구 동서대로 154 (성정동)041-572-7858,1,충청남도,천안시
1254,충청남도 천안시 서북구 불당4로 91 (불당동)041-567-9886,1,충청남도,천안시
1255,충청남도 천안시 서북구 부성4길 3 (부성1동)041-556-7484,1,충청남도,천안시
1256,충청남도 천안시 서북구 충무로 187 (쌍용동) 천안이마트 1층041-577-8388,1,충청남도,천안시
1257,충청남도 계룡시 엄사면 번영로 6 042-551-3420,1,충청남도,계룡시
1258,충청남도 당진시 서해로 6283 (시곡동)041-358-3628,1,충청남도,당진시
1259,"충청남도 당진시 시청1로 78, 1층 (읍내동)041-357-8690",1,충청남도,당진시
1260,충청남도 아산시 배방읍 배방로 22 041-549-3696,1,충청남도,아산시
1261,충청남도 아산시 탕정면 탕정면로 10 041-544-3486,1,충청남도,아산시
1262,충청남도 아산시 어의정로 117 (용화동)041-544-3386,1,충청남도,아산시
1263,충청남도 아산시 번영로 232 (모종동)041-543-8962,1,충청남도,아산시
1264,충청북도 청주시 상당구 1순환로 1243 (용암동)043-288-3616,1,충청북도,청주시
1265,충청북도 청주시 상당구 산성로 129 (용담동)043-221-3441,1,충청북도,청주시
1266,충청북도 청주시 상당구 무심동로392번길 20 (서문동)043-224-8513,1,충청북도,청주시
1267,충청북도 충주시 국원대로 208-1 (금릉동)043-846-3441,1,충청북도,충주시
1268,충청북도 충주시 봉계13길 2 (봉방동)043-843-3444,1,충청북도,충주시
1269,충청북도 충주시 계명대로 227 (연수동)043-846-8590,1,충청북도,충주시
1270,"충청북도 충주시 예성로 151 C&C몰 106호,107호 (성서동)043-853-8572",1,충청북도,충주시
1271,충청북도 제천시 의림대로 181 (중앙로2가)043-642-3451,1,충청북도,제천시
1272,충청북도 청주시 흥덕구 오송읍 오송생명로 220 043-232-3491,1,충청북도,청주시
1273,충청북도 청주시 흥덕구 1순환로 514 (봉명동)043-262-3165,1,충청북도,청주시
1274,충청북도 청주시 흥덕구 강서로 121 (강서동)043-237-8743,1,충청북도,청주시
1275,충청북도 청주시 흥덕구 대농로 43 (복대동) 신영지웰시티 1차 상업시설043-234-8385,1,충청북도,청주시
1276,충청북도 청주시 흥덕구 직지대로 308 (복대동)043-909-4077,1,충청북도,청주시
1277,충청북도 청주시 흥덕구 풍산로 15 (가경동)043-232-8407,1,충청북도,청주시
1278,충청북도 청주시 서원구 사직대로 302 (사직동)043-260-3616,1,충청북도,청주시
1279,충청북도 청주시 서원구 복대로 5 (개신동)043-235-8964,1,충청북도,청주시
1280,충청북도 청주시 서원구 내수동로 113 (사창동)043-272-8546,1,충청북도,청주시
1281,"충청북도 청주시 청원구 오창읍 중심상업1로 20 101,102,103,104호043-216-3347",1,충청북도,청주시
1282,충청북도 청주시 청원구 충청대로107번길 8 (율량동)043-211-8978,1,충청북도,청주시
1283,충청북도 청주시 청원구 오창읍 과학산업2로 385 385043-216-8612,1,충청북도,청주시
1284,제주특별자치도 서귀포시 안덕면 신화역사로304번길 38 B1-29064-908-1729,1,제주특별자치도,서귀포시
1285,제주특별자치도 서귀포시 대정읍 에듀시티로 36 064-792-3371,1,제주특별자치도,서귀포시
1286,제주특별자치도 서귀포시 성산읍 일출로 80 064-782-3273,1,제주특별자치도,서귀포시
1287,제주특별자치도 서귀포시 천제연로 95(색달동)064-738-8915,1,제주특별자치도,서귀포시
1288,제주특별자치도 서귀포시 중정로 53 (서귀동)064-763-8707,1,제주특별자치도,서귀포시
1289,제주특별자치도 서귀포시 형제해안로 322 (상모리)064-792-8731,1,제주특별자치도,서귀포시
1290,제주특별자치도 서귀포시 일주서로 11 (강정동)064-738-5943,1,제주특별자치도,서귀포시
1291,"제주특별자치도 서귀포시 성산읍 일출로 284-5, 1,2층064-782-8535",1,제주특별자치도,서귀포시
1292,제주특별자치도 서귀포시 중문관광로110번길 32 (색달동)064-738-8510,1,제주특별자치도,서귀포시
1293,제주특별자치도 제주시 중앙로 215 (이도이동)064-756-3511,1,제주특별자치도,제주시
1294,제주특별자치도 제주시 조천읍 조함해안로 522 064-783-3537,1,제주특별자치도,제주시
1295,제주특별자치도 제주시 연북로 12 (노형동)064-746-3367,1,제주특별자치도,제주시
1296,제주특별자치도 제주시 애월읍 애월해안로 376 064-799-3273,1,제주특별자치도,제주시
1297,제주특별자치도 제주시 관덕로 55 (일도일동)064-757-9892,1,제주특별자치도,제주시
1298,제주특별자치도 제주시 도령로 27 (노형동)064-745-8914,1,제주특별자치도,제주시
1299,제주특별자치도 제주시 서해안로 380 (용담삼동) 화이트하우스064-745-9817,1,제주특별자치도,제주시
1300,"제주특별자치도 제주시 1100로 3348, 신제주이마트 1층 (노형동)064-748-8657",1,제주특별자치도,제주시
1301,세종특별자치시 세종시 다정북로 219 (다정동)044-864-3627,1,세종특별자치시,세종시
1302,세종특별자치시 세종시 새롬중앙로 64 (새롬동)044-866-3494,1,세종특별자치시,세종시
1303,세종특별자치시 세종시 한누리대로 499 (어진동)044-868-3297,1,세종특별자치시,세종시
1304,세종특별자치시 세종시 도움3로 105-10 (종촌동) 성운프라자044-868-5480,1,세종특별자치시,세종시
1305,세종특별자치시 세종시 한누리대로 169 행복타워 1층044-863-7840,1,세종특별자치시,세종시
1306,세종특별자치시 세종시 금송로 687(가람동 406) 이마트 세종점044-864-4876,1,세종특별자치시,세종시
1307,세종특별자치시 세종시 도움8로 81 (어진동)044-867-8705,1,세종특별자치시,세종시
